language,id,text,file,node,lineNumber,lock,comment
en,line:0853a62,"Marline : Ah ça y est, la perle est enfin sortie de la palourde qui l'emprisonnait.",Assets/Babbles/YarnSpinner/Français/YarnPackMarline.yarn,Marline_Intro_FORET,7,337c5c76,
en,line:0e0841f,Marline : C'est pas trop tôt !,Assets/Babbles/YarnSpinner/Français/YarnPackMarline.yarn,Marline_Intro_FORET,9,1f6c104c,
en,line:03d83f6,Bulle : <size=1000%>Mamie !!!!</size=1000%>,Assets/Babbles/YarnSpinner/Français/YarnPackMarline.yarn,Marline_Intro_FORET,12,dfcb6aba,
en,line:001def5,Bulle : Qu'est-ce que tu fais ici ?,Assets/Babbles/YarnSpinner/Français/YarnPackMarline.yarn,Marline_Intro_FORET,13,9663942b,
en,line:0edee18,Marline : Je compte les grains de sable en attendant qu'on vienne me parler.,Assets/Babbles/YarnSpinner/Français/YarnPackMarline.yarn,Marline_Intro_FORET,16,751b0b8e,
en,line:09f1b6a,"Astère : <i>Dur, dur la vie de PNJ...</i>",Assets/Babbles/YarnSpinner/Français/YarnPackMarline.yarn,Marline_Intro_FORET,18,e7f88366,
en,line:0101163,"Marline : Non mais je blague Bulle, t'as cru que j'étais une vieille sénile ?",Assets/Babbles/YarnSpinner/Français/YarnPackMarline.yarn,Marline_Intro_FORET,20,976a62b4,
en,line:08bd6a4,Marline : Je cueillais des <color=#FFC300>algues</color> dans le coin.,Assets/Babbles/YarnSpinner/Français/YarnPackMarline.yarn,Marline_Intro_FORET,21,5d82ab67,
en,line:003ceb7,Bulle : Trop cool ! Je peux venir avec toi ?,Assets/Babbles/YarnSpinner/Français/YarnPackMarline.yarn,Marline_Intro_FORET,24,b7bc9e28,
en,line:09f4d56,"Marline : Non, dans tes rêves.",Assets/Babbles/YarnSpinner/Français/YarnPackMarline.yarn,Marline_Intro_FORET,26,f3bc2fd0,
en,line:0b0a3ba,"Marline : Maintenant que t'es libre, lâche moi les écailles et sors de ta bulle...<size=50%>Bulle</size=50%>.",Assets/Babbles/YarnSpinner/Français/YarnPackMarline.yarn,Marline_Intro_FORET,27,4fbcbb61,
en,line:0b7e673,Bulle : Pas besoin de toi !,Assets/Babbles/YarnSpinner/Français/YarnPackMarline.yarn,Marline_Intro_FORET,29,f55d45e8,
en,line:12b41e2,Bulle : D'façon j'ai pas besoin d'une vieille comme toi !!,Assets/Babbles/YarnSpinner/Français/YarnPackMarline.yarn,Marline_Intro_FORET,30,54b9eecf,
en,line:0ae445b,Marline : ...,Assets/Babbles/YarnSpinner/Français/YarnPackMarline.yarn,Marline_Intro_FORET,32,f8c89d19,
en,line:00e2c26,Marline : T'étais un gosse bien à l'époque...Dommage que la foutue éducation de tes parents t'ait rendu comme ça.,Assets/Babbles/YarnSpinner/Français/YarnPackMarline.yarn,Marline_Intro_FORET,33,4f9c0a25,
en,line:0d8c627,Bulle : T'as raison !,Assets/Babbles/YarnSpinner/Français/YarnPackMarline.yarn,Marline_Intro_FORET,35,4a9000e6,
en,line:0d9a1ba,Bulle : T'as raison mamie ! Je vais continuer tout droit je pense.,Assets/Babbles/YarnSpinner/Français/YarnPackMarline.yarn,Marline_Intro_FORET,36,6d016c9f,
en,line:004f8e1,"Marline : Hahaha, j'aime cet esprit d'aventure bullot, faut aller où notre cœur nous mène, on s'en fout des conséquences !",Assets/Babbles/YarnSpinner/Français/YarnPackMarline.yarn,Marline_Intro_FORET,37,a7fb6628,
en,line:0f92dca,Bulle : Des conseils ?,Assets/Babbles/YarnSpinner/Français/YarnPackMarline.yarn,Marline_Intro_FORET,40,f96f8c9b,
en,line:06a5cb1,Bulle : Tu me conseilles d'aller où ?,Assets/Babbles/YarnSpinner/Français/YarnPackMarline.yarn,Marline_Intro_FORET,41,ba08aec3,
en,line:0dc0485,"Marline : Pfffff, t'es plus un petiot, débrouille toi tout seul.",Assets/Babbles/YarnSpinner/Français/YarnPackMarline.yarn,Marline_Intro_FORET,42,e851a9ea,
en,line:0ec60f6,"Marline : Tu sais, à ton âge j'avais déjà parcouru l'océan.",Assets/Babbles/YarnSpinner/Français/YarnPackMarline.yarn,Marline_Intro_FORET,43,3c2c8f2b,
en,line:0e22e67,Marline : <mspace=1em>Trois fois</mspace=1em> !,Assets/Babbles/YarnSpinner/Français/YarnPackMarline.yarn,Marline_Intro_FORET,44,8410bad8,
en,line:0b92a66,Marline : ---,Assets/Babbles/YarnSpinner/Français/YarnPackMarline.yarn,Marline_Story_FORET_0,54,fe45208e,
en,line:09cb0f2,"Marline : Ahhh, cette <color=#48BC0D>forêt</color> me rappelle ma jeunesse.",Assets/Babbles/YarnSpinner/Français/YarnPackMarline.yarn,Marline_Story_FORET_0,55,fe50c442,
en,line:0949c67,Marline : ---,Assets/Babbles/YarnSpinner/Français/YarnPackMarline.yarn,Marline_Story_FORET_0,56,fe45208e,
en,line:0c30e79,Marline : Mon voyage de noces avec ton grand-père s'est passé dans une grande forêt de varech.,Assets/Babbles/YarnSpinner/Français/YarnPackMarline.yarn,Marline_Story_FORET_0,57,0220fec0,
en,line:0003521,"Bulle : C'est trop nul une forêt de varech, ça pue et on voit rien.",Assets/Babbles/YarnSpinner/Français/YarnPackMarline.yarn,Marline_Story_FORET_0,59,68380d95,
en,line:0116528,Bulle :En plus c'est tout près de <color=#48BC0D>chez maman et papa</color>.,Assets/Babbles/YarnSpinner/Français/YarnPackMarline.yarn,Marline_Story_FORET_0,60,deb07712,
en,line:03b31ca,"Marline : Bulle, tu crois qu'il y a qu'une seule forêt de varech dans le monde ?",Assets/Babbles/YarnSpinner/Français/YarnPackMarline.yarn,Marline_Story_FORET_0,62,7.96E+08,
en,line:0f6f210,"Marline : Quand tu auras plus voyagé que moi, tu pourras critiquer.",Assets/Babbles/YarnSpinner/Français/YarnPackMarline.yarn,Marline_Story_FORET_0,63,b668b7be,
en,line:055a708,Astère : <b>B O O M !</b>,Assets/Babbles/YarnSpinner/Français/YarnPackMarline.yarn,Marline_Story_FORET_0,64,a1d3c502,
en,line:0df4940,Astère : <i>Faut pas la chercher mamie.</i>,Assets/Babbles/YarnSpinner/Français/YarnPackMarline.yarn,Marline_Story_FORET_0,65,0a4e3c3c,
en,line:01a6c32,"Marline : Mais bon, j'aurais préféré rester seule pour être libre. Ton grand-père était une vraie poule sèche.",Assets/Babbles/YarnSpinner/Français/YarnPackMarline.yarn,Marline_Story_FORET_0,66,4280e15b,
en,line:014209f,"Marline : Après notre voyage de noces et la naissance de ton père, il n'a plus jamais voulu voyager.",Assets/Babbles/YarnSpinner/Français/YarnPackMarline.yarn,Marline_Story_FORET_0,67,c39347f0,
en,line:03f54e7,Bulle : Tu l'as quitté du coup ?,Assets/Babbles/YarnSpinner/Français/YarnPackMarline.yarn,Marline_Story_FORET_0,68,f6d6fe8f,
en,line:04358f3,"Marline : Non, il restait chez nous et s'occupait de ton père pendant que je voyageais.",Assets/Babbles/YarnSpinner/Français/YarnPackMarline.yarn,Marline_Story_FORET_0,69,e26adfaa,
en,line:069d86b,"Marline :C'est pour ça que <color=""purple"">Bleenie</color=""purple""> est aussi peureux.",Assets/Babbles/YarnSpinner/Français/YarnPackMarline.yarn,Marline_Story_FORET_0,70,8d1038ea,
en,line:043fc32,Bulle : Il était pas triste que tu sois pas avec lui ?,Assets/Babbles/YarnSpinner/Français/YarnPackMarline.yarn,Marline_Story_FORET_0,71,854efa63,
en,line:0976494,Marline : J'en sais rien moi ! Tout ce que je sais c'est que j'étais libre.,Assets/Babbles/YarnSpinner/Français/YarnPackMarline.yarn,Marline_Story_FORET_0,72,60d5076d,
en,line:02d63d0,Marline : Pas de mari !,Assets/Babbles/YarnSpinner/Français/YarnPackMarline.yarn,Marline_Story_FORET_0,74,dffb1e9b,
en,line:09fb127,Marline : Pas de gosse !,Assets/Babbles/YarnSpinner/Français/YarnPackMarline.yarn,Marline_Story_FORET_0,76,a221c920,
en,line:07173b2,Marline : Le rêve ! Ne te marie jamais Bulle.,Assets/Babbles/YarnSpinner/Français/YarnPackMarline.yarn,Marline_Story_FORET_0,79,92670131,
en,line:084fdbd,Marline : ---,Assets/Babbles/YarnSpinner/Français/YarnPackMarline.yarn,Marline_Story_FORET_1,89,fe45208e,
en,line:04abe58,"Marline : Ah, c'est mon shaker que je vois là.",Assets/Babbles/YarnSpinner/Français/YarnPackMarline.yarn,Marline_Story_FORET_1,90,7d82fe79,
en,line:0e9f2c2,Bulle : ---,Assets/Babbles/YarnSpinner/Français/YarnPackMarline.yarn,Marline_Story_FORET_1,91,c7d009e5,
en,line:0b18f23,Bulle : Ouais ! Je l'ai récupéré dans la poubelle de mes parents.,Assets/Babbles/YarnSpinner/Français/YarnPackMarline.yarn,Marline_Story_FORET_1,93,2e369e34,
en,line:080f8bc,Marline : Oh les cons !!!,Assets/Babbles/YarnSpinner/Français/YarnPackMarline.yarn,Marline_Story_FORET_1,95,3d6b7be5,
en,line:0ea7f27,Astère : Combres de mer !!!,Assets/Babbles/YarnSpinner/Français/YarnPackMarline.yarn,Marline_Story_FORET_1,96,9146bc47,
en,line:0721b1e,Marline : Ils en connaissent pas la valeur.,Assets/Babbles/YarnSpinner/Français/YarnPackMarline.yarn,Marline_Story_FORET_1,97,7224e361,
en,line:0aedcdc,Astère: <i>Comment un truc aussi moche peut avoir de la valeur ?</i>,Assets/Babbles/YarnSpinner/Français/YarnPackMarline.yarn,Marline_Story_FORET_1,98,2d75805f,
en,line:0931a2a,Marline : J'ai acheté ce shaker quand j'avais à peu près ton âge.,Assets/Babbles/YarnSpinner/Français/YarnPackMarline.yarn,Marline_Story_FORET_1,99,b286e8d3,
en,line:0ffae76,Marline :Je voulais fabriquer une bombe pour faire péter l'école et partir en vadrouille.,Assets/Babbles/YarnSpinner/Français/YarnPackMarline.yarn,Marline_Story_FORET_1,100,91f235cd,
en,line:018dbba,Bulle : Et ça a marché ?,Assets/Babbles/YarnSpinner/Français/YarnPackMarline.yarn,Marline_Story_FORET_1,101,c983941b,
en,line:0725a46,"Marline : Non c'était très étrange, je mettais des objets dedans.",Assets/Babbles/YarnSpinner/Français/YarnPackMarline.yarn,Marline_Story_FORET_1,102,57144345,
en,line:0dda883,Marline : Par exemple une <color=#FFC300>banane</color> et une <color=#FFC300>méduse</color> et...,Assets/Babbles/YarnSpinner/Français/YarnPackMarline.yarn,Marline_Story_FORET_1,103,87f564f6,
en,line:0c6bc3a,Marline : <size=1000%><b>PAF !!</b></size=1000%>,Assets/Babbles/YarnSpinner/Français/YarnPackMarline.yarn,Marline_Story_FORET_1,105,67078c98,
en,line:0e13145,"Marline : Ça faisait une <color=#FFC300>méduse coussin</color>, un objet ma foi très utile mais pas pour faire péter une école...",Assets/Babbles/YarnSpinner/Français/YarnPackMarline.yarn,Marline_Story_FORET_1,107,99b2b221,
en,line:0c79c6c,Astère: <i>Et c'est ainsi que Marline découvrit le principe du craft en l'an 58 avant JC.</i>,Assets/Babbles/YarnSpinner/Français/YarnPackMarline.yarn,Marline_Story_FORET_1,108,283964d5,
en,line:030e978,Marline : Au final ce shaker m'a bien aidé pour mes aventures. Je suis contente que tu t'en serves à ton tour.,Assets/Babbles/YarnSpinner/Français/YarnPackMarline.yarn,Marline_Story_FORET_1,110,50173a4a,
en,line:03329ce,Marline :Tu t'en sers souvent j'espère !,Assets/Babbles/YarnSpinner/Français/YarnPackMarline.yarn,Marline_Story_FORET_1,111,9182e570,
en,line:0c34f73,Bulle : Pas souvent...,Assets/Babbles/YarnSpinner/Français/YarnPackMarline.yarn,Marline_Story_FORET_1,112,7a1df20d,
en,line:00bb737,Bulle : Je m'en suis servi <size=50%>une ou deux fois...</size=50%>,Assets/Babbles/YarnSpinner/Français/YarnPackMarline.yarn,Marline_Story_FORET_1,113,2a920afe,
en,line:0838237,"Marline : Oh bah tiens alors, voilà de quoi fabriquer des trucs.",Assets/Babbles/YarnSpinner/Français/YarnPackMarline.yarn,Marline_Story_FORET_1,114,3f40ec62,
en,line:059347e,Marline :Tu verras que même les objets les plus nuls trouvent leur utilité quelque part.,Assets/Babbles/YarnSpinner/Français/YarnPackMarline.yarn,Marline_Story_FORET_1,116,f002589d,
en,line:0302790,Bulle : Merci mamie !!!,Assets/Babbles/YarnSpinner/Français/YarnPackMarline.yarn,Marline_Story_FORET_1,118,ec7057a6,
en,line:0895b06,Bulle : Tous les jours !,Assets/Babbles/YarnSpinner/Français/YarnPackMarline.yarn,Marline_Story_FORET_1,121,4f39d0bc,
en,line:08e7c03,Bulle : Je m'en sers <mspace=1em>tous les jours</mspace=1em> !,Assets/Babbles/YarnSpinner/Français/YarnPackMarline.yarn,Marline_Story_FORET_1,122,bbf01d4d,
en,line:073d539,Marline : Bulle tu es le petit fils parfait.,Assets/Babbles/YarnSpinner/Français/YarnPackMarline.yarn,Marline_Story_FORET_1,123,2b7dd1be,
en,line:0a55254,"Marline : Tiens voilà ma trouvaille la plus précieuse, tu la mérites.",Assets/Babbles/YarnSpinner/Français/YarnPackMarline.yarn,Marline_Story_FORET_1,124,04238ebc,
en,line:04691e5,"Bulle : Merci mamie, c'est toi la mamie parfaite.",Assets/Babbles/YarnSpinner/Français/YarnPackMarline.yarn,Marline_Story_FORET_1,128,ba38ad41,
en,line:0ce6762,Bulle : Plus que toi !,Assets/Babbles/YarnSpinner/Français/YarnPackMarline.yarn,Marline_Story_FORET_1,131,ef05a839,
en,line:02295b4,Bulle : Je suis sûr que je m'en sers plus que toi !,Assets/Babbles/YarnSpinner/Français/YarnPackMarline.yarn,Marline_Story_FORET_1,132,55d443e5,
en,line:0d381e5,"Marline : Oh le petit vantard ! Le jour où tu t'en seras servi plus que moi, les poules d'eau auront des dents !",Assets/Babbles/YarnSpinner/Français/YarnPackMarline.yarn,Marline_Story_FORET_1,133,53f2b65d,
en,line:08afacb,"Bulle : Grandma, don't tell me you're following me?",Assets/Babbles/YarnSpinner/Français/YarnPackMarline.yarn,Marline_Intro_CIMETIERE,144,27f70cae,
en,line:0d0bc7b,Bulle : Did dad hire you as a spy?,Assets/Babbles/YarnSpinner/Français/YarnPackMarline.yarn,Marline_Intro_CIMETIERE,146,885402d5,
en,line:0487db0,"Marline : Hey, do you think I don't have a life when you're not here?",Assets/Babbles/YarnSpinner/Français/YarnPackMarline.yarn,Marline_Intro_CIMETIERE,149,750e0baf,
en,line:099f64b,Marline : I'm an active grandmother.,Assets/Babbles/YarnSpinner/Français/YarnPackMarline.yarn,Marline_Intro_CIMETIERE,150,a4a56015,
en,line:06ca788,Bulle : Why are you here then?,Assets/Babbles/YarnSpinner/Français/YarnPackMarline.yarn,Marline_Intro_CIMETIERE,152,c91ec197,
en,line:065e85f,"Marline : It's none of your business, you little creep.",Assets/Babbles/YarnSpinner/Français/YarnPackMarline.yarn,Marline_Intro_CIMETIERE,154,9ca67ad5,
en,line:0423d25,Marline : What are <b>YOU</b> doing in this godforsaken area?,Assets/Babbles/YarnSpinner/Français/YarnPackMarline.yarn,Marline_Intro_CIMETIERE,155,36a074f2,
en,line:07d35f9,Bulle : It's a great place!,Assets/Babbles/YarnSpinner/Français/YarnPackMarline.yarn,Marline_Intro_CIMETIERE,157,d7d68092,
en,line:0d79510,Bulle : It's so nice here!,Assets/Babbles/YarnSpinner/Français/YarnPackMarline.yarn,Marline_Intro_CIMETIERE,158,a11fdc7e,
en,line:0caab8a,Marline : Ah! Please update your standards!,Assets/Babbles/YarnSpinner/Français/YarnPackMarline.yarn,Marline_Intro_CIMETIERE,159,98dd3f40,
en,line:06a90d3,Marline : It's the second most boring place after your <color=\#48BC0D>parents' farm</color>.,Assets/Babbles/YarnSpinner/Français/YarnPackMarline.yarn,Marline_Intro_CIMETIERE,161,b38f19d2,
en,line:097700e,Marline : You need to see new horizons!,Assets/Babbles/YarnSpinner/Français/YarnPackMarline.yarn,Marline_Intro_CIMETIERE,164,cc42ecdc,
en,line:00b142b,"Marline : Take a walk outside, get some color.",Assets/Babbles/YarnSpinner/Français/YarnPackMarline.yarn,Marline_Intro_CIMETIERE,166,83ee29c1,
en,line:079b2bf,Marline : You look like a poor dried out octopus.,Assets/Babbles/YarnSpinner/Français/YarnPackMarline.yarn,Marline_Intro_CIMETIERE,167,f03fa587,
en,line:02d4b9e,Bulle : <size=800%><b>WHAT??</b></size>,Assets/Babbles/YarnSpinner/Français/YarnPackMarline.yarn,Marline_Intro_CIMETIERE,170,d0bebc40,
en,line:09c1107,"Bulle : I met a <color=""purple"">gang</color=""purple""> that told me I was fresh",Assets/Babbles/YarnSpinner/Français/YarnPackMarline.yarn,Marline_Intro_CIMETIERE,171,8e4d52b3,
en,line:0fc3dfb,Bulle : You're here too!,Assets/Babbles/YarnSpinner/Français/YarnPackMarline.yarn,Marline_Intro_CIMETIERE,173,c8d57549,
en,line:0edd415,Bulle : You're here too!,Assets/Babbles/YarnSpinner/Français/YarnPackMarline.yarn,Marline_Intro_CIMETIERE,174,3867c709,
en,line:02ff44f,"Marline : I'm not staying, I was just passing by.",Assets/Babbles/YarnSpinner/Français/YarnPackMarline.yarn,Marline_Intro_CIMETIERE,175,85b39178,
en,line:00086aa,Marline : And stop meddling in my business! Mind your own business for a whale!,Assets/Babbles/YarnSpinner/Français/YarnPackMarline.yarn,Marline_Intro_CIMETIERE,177,f8b94f84,
en,line:0f8896e,Marline : Meet other people than me!,Assets/Babbles/YarnSpinner/Français/YarnPackMarline.yarn,Marline_Intro_CIMETIERE,178,0b377a48,
en,line:0c8d783,Bulle : I've seen other people!,Assets/Babbles/YarnSpinner/Français/YarnPackMarline.yarn,Marline_Intro_CIMETIERE,181,afaa5076,
en,line:019498c,"Bulle : Besides there's even a <color=""purple"">gang</color=""purple""> that told me I was fresh!",Assets/Babbles/YarnSpinner/Français/YarnPackMarline.yarn,Marline_Intro_CIMETIERE,182,c3197e1c,
en,line:2188d06,Bulle : To meet people,Assets/Babbles/YarnSpinner/Français/YarnPackMarline.yarn,Marline_Intro_CIMETIERE,184,02be9d63,
en,line:0bb7fde,Bulle : It's in the most isolated of places that one meets the best people.,Assets/Babbles/YarnSpinner/Français/YarnPackMarline.yarn,Marline_Intro_CIMETIERE,185,4e6b3468,
en,line:0393aec,Astère: <i>Very happy to have met this whale skeleton...</i>,Assets/Babbles/YarnSpinner/Français/YarnPackMarline.yarn,Marline_Intro_CIMETIERE,186,45b623bd,
en,line:04c8432,Marline :  I didn't know you had such an adventurous spirit my bubble! It's beautiful.,Assets/Babbles/YarnSpinner/Français/YarnPackMarline.yarn,Marline_Intro_CIMETIERE,188,3f206f4c,
en,line:00e6b6f,"Bulle : Oooh yeah! There's even a <color=""purple"">gang</color=""purple""> that told me I was fresh!",Assets/Babbles/YarnSpinner/Français/YarnPackMarline.yarn,Marline_Intro_CIMETIERE,192,71c7fa44,
en,line:0102f25,Marline : Fresh???,Assets/Babbles/YarnSpinner/Français/YarnPackMarline.yarn,Marline_Intro_CIMETIERE,194,ad661211,
en,line:05e2134,"Marline : No, no, no, that's not how you should be.",Assets/Babbles/YarnSpinner/Français/YarnPackMarline.yarn,Marline_Intro_CIMETIERE,195,082db6d2,
en,line:0c079fb,Marline : The only thing that has to be fresh here is this <color=\#FFC300>can</color=\#FFC300>.,Assets/Babbles/YarnSpinner/Français/YarnPackMarline.yarn,Marline_Intro_CIMETIERE,197,34ca7df8,
en,line:03e3015,"Marline : Take it, Bulle, it could be useful!",Assets/Babbles/YarnSpinner/Français/YarnPackMarline.yarn,Marline_Intro_CIMETIERE,198,9d887a33,
en,line:0fd3c40,Bulle : What do I need it for?,Assets/Babbles/YarnSpinner/Français/YarnPackMarline.yarn,Marline_Intro_CIMETIERE,202,8b53085d,
en,line:0610841,Marline : To become a great adventurer Bulle!,Assets/Babbles/YarnSpinner/Français/YarnPackMarline.yarn,Marline_Intro_CIMETIERE,204,e7a56b97,
en,line:0113524,"Marline : But be careful, you must use it at the right moment!",Assets/Babbles/YarnSpinner/Français/YarnPackMarline.yarn,Marline_Intro_CIMETIERE,205,5da3cd5b,
en,line:0fd9e78,Bulle : Why?,Assets/Babbles/YarnSpinner/Français/YarnPackMarline.yarn,Marline_Intro_CIMETIERE,206,0366d6b3,
en,line:0a56c03,"Marline : You'll see, now shoo!",Assets/Babbles/YarnSpinner/Français/YarnPackMarline.yarn,Marline_Intro_CIMETIERE,208,db017148,
en,line:0ca192a,Marline : ---,Assets/Babbles/YarnSpinner/Français/YarnPackMarline.yarn,Marline_Story_CIMETIERE_0,219,fe45208e,
en,line:06afd3d,"Marline : I'm proud of you Bulle, despite your accident, you're not afraid of adventure!",Assets/Babbles/YarnSpinner/Français/YarnPackMarline.yarn,Marline_Story_CIMETIERE_0,220,29011eef,
en,line:05e6308,Bulle : What accident?,Assets/Babbles/YarnSpinner/Français/YarnPackMarline.yarn,Marline_Story_CIMETIERE_0,221,b03b3cc6,
en,line:09e9939,"Marline : Oh, you don't remember?",Assets/Babbles/YarnSpinner/Français/YarnPackMarline.yarn,Marline_Story_CIMETIERE_0,222,1d4c6c66,
en,line:023e211,Marline : That's why your stupid parents cut off contact with me.,Assets/Babbles/YarnSpinner/Français/YarnPackMarline.yarn,Marline_Story_CIMETIERE_0,224,24186923,
en,line:0c25dae,Astère: <i>It's flashback time. Get your popcorn ready.</i>,Assets/Babbles/YarnSpinner/Français/YarnPackMarline.yarn,Marline_Story_CIMETIERE_0,226,5257202a,
en,line:0b730c6,"Marline : When you were still a little fish, I took you to explore the <color=\#48BC0D>forest</color=\#48BC0D>.",Assets/Babbles/YarnSpinner/Français/YarnPackMarline.yarn,Marline_Story_CIMETIERE_0,227,0b5a17c1,
en,line:07ee56f,"Marline : You were not very agile, Bulle, you tripped on a shell fell and pierced your bubble.",Assets/Babbles/YarnSpinner/Français/YarnPackMarline.yarn,Marline_Story_CIMETIERE_0,228,25d6fec7,
en,line:005b2be,Marline : I got you home before you even had time to notice it!,Assets/Babbles/YarnSpinner/Français/YarnPackMarline.yarn,Marline_Story_CIMETIERE_0,229,5cfc3285,
en,line:09b6b5e,Marline : But your father is fragile. He made a big deal of it and forbade me to see you.,Assets/Babbles/YarnSpinner/Français/YarnPackMarline.yarn,Marline_Story_CIMETIERE_0,231,a113539d,
en,line:0ef2729,Bulle : But it's really mean!,Assets/Babbles/YarnSpinner/Français/YarnPackMarline.yarn,Marline_Story_CIMETIERE_0,234,30b63b02,
en,line:01685bb,Marline : And according to him I'm the bad one! It's easy to talk behind someone's back!,Assets/Babbles/YarnSpinner/Français/YarnPackMarline.yarn,Marline_Story_CIMETIERE_0,235,b976376a,
en,line:05d0b99,"Marline : Mind you, I was never there so it's probably my fault.",Assets/Babbles/YarnSpinner/Français/YarnPackMarline.yarn,Marline_Story_CIMETIERE_0,239,5cf93a0a,
en,line:0997969,Bulle : And even Grandpa thought you were mean?,Assets/Babbles/YarnSpinner/Français/YarnPackMarline.yarn,Marline_Story_CIMETIERE_0,241,a88e6777,
en,line:0b9770f,"Marline : No, your grandfather was very nice...",Assets/Babbles/YarnSpinner/Français/YarnPackMarline.yarn,Marline_Story_CIMETIERE_0,242,77b788d5,
en,line:0de6b98,Marline : He forgave everything and was always there to welcome me back from my trip.,Assets/Babbles/YarnSpinner/Français/YarnPackMarline.yarn,Marline_Story_CIMETIERE_0,243,10f8dcdf,
en,line:0e7712f,"Marline : <size=70%>But because of me, he couldn't see you either.</size=70%>",Assets/Babbles/YarnSpinner/Français/YarnPackMarline.yarn,Marline_Story_CIMETIERE_0,245,b51a2cc7,
en,line:06b6069,Bulle : That's so sad...,Assets/Babbles/YarnSpinner/Français/YarnPackMarline.yarn,Marline_Story_CIMETIERE_0,248,632e7d20,
en,line:0003341,Marline : ...,Assets/Babbles/YarnSpinner/Français/YarnPackMarline.yarn,Marline_Story_CIMETIERE_0,252,f8c89d19,
en,line:08df558,"Marline : <size=150%>Hey!</size=150%> No time for sadness when you're an adventurer, Bulle!",Assets/Babbles/YarnSpinner/Français/YarnPackMarline.yarn,Marline_Story_CIMETIERE_0,254,1f094ada,
en,line:07b4bcb,Marline : We look towards the future and say bye-bye to the past!,Assets/Babbles/YarnSpinner/Français/YarnPackMarline.yarn,Marline_Story_CIMETIERE_0,255,b393ba2d,
en,line:0dc7ad0,"Marline : Besides, don't you have an adventure to go on? Keep moving instead of talking to me!",Assets/Babbles/YarnSpinner/Français/YarnPackMarline.yarn,Marline_Story_CIMETIERE_0,257,d4f19d84,
en,line:087e008,Marline : ---,Assets/Babbles/YarnSpinner/Français/YarnPackMarline.yarn,Marline_Story_CIMETIERE_1,268,fe45208e,
en,line:02d4858,Bulle : What was your best trip grandma?,Assets/Babbles/YarnSpinner/Français/YarnPackMarline.yarn,Marline_Story_CIMETIERE_1,269,d37cbc2a,
en,line:00a08ad,Marline : Bulle! I already told you to stop chatting with me...,Assets/Babbles/YarnSpinner/Français/YarnPackMarline.yarn,Marline_Story_CIMETIERE_1,270,eee17947,
en,line:09a46f8,"Marline : But you're lucky, <mspace=0.7em>I love</mspace=0.7em> telling my life story",Assets/Babbles/YarnSpinner/Français/YarnPackMarline.yarn,Marline_Story_CIMETIERE_1,273,a3d7a81a,
en,line:03e7698,"Marline : It was in the <color=""\#48BC0D>kelp forest</color=""\#48BC0D>.",Assets/Babbles/YarnSpinner/Français/YarnPackMarline.yarn,Marline_Story_CIMETIERE_1,275,8fb7b5cf,
en,line:0fe70cf,Bulle : Don't care!,Assets/Babbles/YarnSpinner/Français/YarnPackMarline.yarn,Marline_Story_CIMETIERE_1,276,75fd3bbb,
en,line:1b97665,Bulle : I actually don't care hahaha!,Assets/Babbles/YarnSpinner/Français/YarnPackMarline.yarn,Marline_Story_CIMETIERE_1,277,20dc356a,
en,line:06cf25b,"Marline : Very well, continue your adventure without my advice in this case.",Assets/Babbles/YarnSpinner/Français/YarnPackMarline.yarn,Marline_Story_CIMETIERE_1,279,6501735,
en,line:0f2040b,Bulle :  It's okay I'm kidding grandma...you're not funny.,Assets/Babbles/YarnSpinner/Français/YarnPackMarline.yarn,Marline_Story_CIMETIERE_1,282,cab41373,
en,line:0c2510c,Bulle : What?,Assets/Babbles/YarnSpinner/Français/YarnPackMarline.yarn,Marline_Story_CIMETIERE_1,284,a5a2f24c,
en,line:0384e8b,"Marline : It reminds me of your grandfather, it was the only place he liked joining my trips to.",Assets/Babbles/YarnSpinner/Français/YarnPackMarline.yarn,Marline_Story_CIMETIERE_1,285,8b83f36f,
en,line:03bd516,"Marline : But you already know that, I'll tell you about a place further away that you might like...",Assets/Babbles/YarnSpinner/Français/YarnPackMarline.yarn,Marline_Story_CIMETIERE_1,286,7955fa24,
en,line:0028bbb,Bulle : My favorite place!,Assets/Babbles/YarnSpinner/Français/YarnPackMarline.yarn,Marline_Story_CIMETIERE_1,287,d961dbee,
en,line:0ac2d8c,Bulle : It's my favorite place too!,Assets/Babbles/YarnSpinner/Français/YarnPackMarline.yarn,Marline_Story_CIMETIERE_1,288,cd18fee0,
en,line:0040d0f,"Marline : You're not serious Bulle? This place sucks, there's nothing but <color=\#FFC300>algae</color=\#FFC300> and hippies.",Assets/Babbles/YarnSpinner/Français/YarnPackMarline.yarn,Marline_Story_CIMETIERE_1,291,81f52d5d,
en,line:0da58d0,Astère : <i>But Marline has everything in common with the hippies...</i>,Assets/Babbles/YarnSpinner/Français/YarnPackMarline.yarn,Marline_Story_CIMETIERE_1,294,1e68ab25,
en,line:08f3c70,Bulle : Hotu's spot!,Assets/Babbles/YarnSpinner/Français/YarnPackMarline.yarn,Marline_Story_CIMETIERE_1,295,d13ea601,
en,line:20eb581,"Bulle : Yep, that's <color=""purple"">Hotu</color=""purple""> the rock's spot!",Assets/Babbles/YarnSpinner/Français/YarnPackMarline.yarn,Marline_Story_CIMETIERE_1,296,79136eb4,
en,line:0cee896,"Marline : You know <color=""purple"">Hotu</color=""purple"">? He was a great champion back in the day.",Assets/Babbles/YarnSpinner/Français/YarnPackMarline.yarn,Marline_Story_CIMETIERE_1,297,53434aa7,
en,line:0fd77cd,"Marline : It brings back such good memories. There was <color=""purple"">Napopo</color> too...",Assets/Babbles/YarnSpinner/Français/YarnPackMarline.yarn,Marline_Story_CIMETIERE_1,298,8263efb0,
en,line:0c9f204,"Marline : Oh look, this <color=\#FFC300>battery</color=\#FFC300> is from that time. I give it to you, it will surely be more useful to you than to me!",Assets/Babbles/YarnSpinner/Français/YarnPackMarline.yarn,Marline_Story_CIMETIERE_1,301,4e080b68,
en,line:06d96a0,Bulle : So cool! Thanks grandma!!!,Assets/Babbles/YarnSpinner/Français/YarnPackMarline.yarn,Marline_Story_CIMETIERE_1,303,3a6451d3,
en,line:04955e4,Marline : But on another subject...,Assets/Babbles/YarnSpinner/Français/YarnPackMarline.yarn,Marline_Story_CIMETIERE_1,305,a12fe70d,
en,line:079a3fe,Marline : My favorite place is not far from here.,Assets/Babbles/YarnSpinner/Français/YarnPackMarline.yarn,Marline_Story_CIMETIERE_1,306,00b25462,
en,line:0c324c5,Marline : I used to go there to move my shell and meet partners.,Assets/Babbles/YarnSpinner/Français/YarnPackMarline.yarn,Marline_Story_CIMETIERE_1,307,2fbc4b59,
en,line:07dde2e,Bulle : Partners?,Assets/Babbles/YarnSpinner/Français/YarnPackMarline.yarn,Marline_Story_CIMETIERE_1,308,0.00E+00,
en,line:02965dc,Marline : Partners to make l...,Assets/Babbles/YarnSpinner/Français/YarnPackMarline.yarn,Marline_Story_CIMETIERE_1,309,aca34e33,
en,line:022b531,Astère : Danse!,Assets/Babbles/YarnSpinner/Français/YarnPackMarline.yarn,Marline_Story_CIMETIERE_1,311,a2227ed7,
en,line:0ef7899,"Marline : As an adventurer, I didn't have time for stable relationships.",Assets/Babbles/YarnSpinner/Français/YarnPackMarline.yarn,Marline_Story_CIMETIERE_1,313,7d762cca,
en,line:074f205,"Marline : One night here, one night there. You have to rely on nobody and nobody relies on you.",Assets/Babbles/YarnSpinner/Français/YarnPackMarline.yarn,Marline_Story_CIMETIERE_1,314,d8bb6884,
en,line:056b815,Marline : No time for trouble!,Assets/Babbles/YarnSpinner/Français/YarnPackMarline.yarn,Marline_Story_CIMETIERE_1,315,b94d19d6,
en,line:07fb59b,Bulle : You never had friends then?,Assets/Babbles/YarnSpinner/Français/YarnPackMarline.yarn,Marline_Story_CIMETIERE_1,316,5a5a7411,
en,line:0d908cb,"Marline : No, why would I?",Assets/Babbles/YarnSpinner/Français/YarnPackMarline.yarn,Marline_Story_CIMETIERE_1,317,a350f64d,
en,line:0d2cfac,Marline : An.,Assets/Babbles/YarnSpinner/Français/YarnPackMarline.yarn,Marline_Story_CIMETIERE_1,320,ece4454f,
en,line:0fd08fe,Marline : Adventurer.,Assets/Babbles/YarnSpinner/Français/YarnPackMarline.yarn,Marline_Story_CIMETIERE_1,321,207cefbd,
en,line:0833fcb,Marline : Must.,Assets/Babbles/YarnSpinner/Français/YarnPackMarline.yarn,Marline_Story_CIMETIERE_1,322,448d1d37,
en,line:08252ad,Marline : Fend.,Assets/Babbles/YarnSpinner/Français/YarnPackMarline.yarn,Marline_Story_CIMETIERE_1,323,4233d530,
en,line:0c8f133,Marline : For.,Assets/Babbles/YarnSpinner/Français/YarnPackMarline.yarn,Marline_Story_CIMETIERE_1,324,b8c5dbf8,
en,line:03db4e4,Marline :<b><size=600%>THEMSELF!!!</size=600%></b>,Assets/Babbles/YarnSpinner/Français/YarnPackMarline.yarn,Marline_Story_CIMETIERE_1,325,6aef3801,
en,line:0545a5a,Bulle : That's so lame. I've made friends since I left my mom and dad's house.,Assets/Babbles/YarnSpinner/Français/YarnPackMarline.yarn,Marline_Story_CIMETIERE_1,329,c16200ef,
en,line:0045240,"Marline : Roooh Bulle, I had friends at your gae too, but nowadays there's no one anymore.",Assets/Babbles/YarnSpinner/Français/YarnPackMarline.yarn,Marline_Story_CIMETIERE_1,332,35425f5c,
en,line:0e56b78,"Marline : When you're an adult everyone forsakes you, believe me!",Assets/Babbles/YarnSpinner/Français/YarnPackMarline.yarn,Marline_Story_CIMETIERE_1,333,77a85d82,
en,line:0000ca1,"Marline : At the end, there's only adventure left for you!",Assets/Babbles/YarnSpinner/Français/YarnPackMarline.yarn,Marline_Story_CIMETIERE_1,334,d30cfc8b,
en,line:07ee23a,Bulle : I don't believe you.,Assets/Babbles/YarnSpinner/Français/YarnPackMarline.yarn,Marline_Story_CIMETIERE_1,336,865de1ba,
en,line:0431058,Marline : As you wish...,Assets/Babbles/YarnSpinner/Français/YarnPackMarline.yarn,Marline_Story_CIMETIERE_1,337,5285fed3,
en,line:0598532,Marline : Go on your way then. And you will see with your own eyes!,Assets/Babbles/YarnSpinner/Français/YarnPackMarline.yarn,Marline_Story_CIMETIERE_1,338,782842b9,
en,line:0975e4e,"Marline : Bulle, if you answer correctly to <b>all</b> my questions, I'll give you a <color=#FFC300>craft recipe</color>.",Assets/Babbles/YarnSpinner/Français/YarnPackMarline.yarn,Marline_Quete_LUMIERE,345,301bbbd4,
en,line:014ce59,Bulle : J'accepte le défi !,Assets/Babbles/YarnSpinner/Français/YarnPackMarline.yarn,Marline_Quete_LUMIERE,347,e4140d5d,
en,line:05d0f55,Marline : <b>Première question</b> !,Assets/Babbles/YarnSpinner/Français/YarnPackMarline.yarn,Marline_Quete_LUMIERE,349,fafbb8dd,
en,line:0f0193e,Marline : Avec quoi fabrique-t-on un <color=#FFC300>poulpe coussin</color=#FFC300> ?,Assets/Babbles/YarnSpinner/Français/YarnPackMarline.yarn,Marline_Quete_LUMIERE,350,40776937,
en,line:0a7755e,Marline : Un <color=#FFC300>poulpe</color=#FFC300> et une <color=#FFC300>banane</color=#FFC300>.,Assets/Babbles/YarnSpinner/Français/YarnPackMarline.yarn,Marline_Quete_LUMIERE,352,2d2333b2,
en,line:0aac18e,"Marline : Bien joué, tu es plus intelligent que je ne le pensais.",Assets/Babbles/YarnSpinner/Français/YarnPackMarline.yarn,Marline_Quete_LUMIERE,353,dc500b6f,
en,line:00f8302,Marline : Une <color=#FFC300>méduse</color=#FFC300> et une <color=#FFC300>banane</color=#FFC300>.,Assets/Babbles/YarnSpinner/Français/YarnPackMarline.yarn,Marline_Quete_LUMIERE,355,ee8434c0,
en,line:0e9f962,"Marline : Non Bulle, réfléchis un peu...",Assets/Babbles/YarnSpinner/Français/YarnPackMarline.yarn,Marline_Quete_LUMIERE,357,6d6c30ab,
en,line:0a16e64,"Marline : Retente ta chance, avec quoi fabrique-t-on un <color=#FFC300>poulpe coussin</color=#FFC300> ?",Assets/Babbles/YarnSpinner/Français/YarnPackMarline.yarn,Marline_Quete_LUMIERE,359,2b961939,
en,line:0929ca1,Marline : Un <color=#FFC300>poulpe</color=#FFC300> et une <color=#FFC300>banane</color=#FFC300>.,Assets/Babbles/YarnSpinner/Français/YarnPackMarline.yarn,Marline_Quete_LUMIERE,360,2d2333b2,
en,line:0449f73,"Marline : Bien joué, tu vois quand tu veux !",Assets/Babbles/YarnSpinner/Français/YarnPackMarline.yarn,Marline_Quete_LUMIERE,361,fd6fe6e5,
en,line:001a7cc,Marline : Des coussins.,Assets/Babbles/YarnSpinner/Français/YarnPackMarline.yarn,Marline_Quete_LUMIERE,362,83371ffd,
en,line:019560b,Marline : Ta tête est aussi vide que celle de ton père ma parole...,Assets/Babbles/YarnSpinner/Français/YarnPackMarline.yarn,Marline_Quete_LUMIERE,364,0c265427,
en,line:0af6a2a,Marline : Aller Bulle tu peux y arriver !,Assets/Babbles/YarnSpinner/Français/YarnPackMarline.yarn,Marline_Quete_LUMIERE,366,0f82a4f9,
en,line:0e0a2d1,Marline : Il ne te reste plus beaucoup de choix...,Assets/Babbles/YarnSpinner/Français/YarnPackMarline.yarn,Marline_Quete_LUMIERE,367,1fee8710,
en,line:07791c7,Marline : Avec quoi fabrique-t-on un <color=#FFC300>poulpe coussin</color=#FFC300> ?,Assets/Babbles/YarnSpinner/Français/YarnPackMarline.yarn,Marline_Quete_LUMIERE,368,40776937,
en,line:04efdff,Marline : Un <color=#FFC300>poulpe</color=#FFC300> et une <color=#FFC300>banane</color=#FFC300>.,Assets/Babbles/YarnSpinner/Français/YarnPackMarline.yarn,Marline_Quete_LUMIERE,369,2d2333b2,
en,line:04d5f06,Marline : Bravo Bulle !,Assets/Babbles/YarnSpinner/Français/YarnPackMarline.yarn,Marline_Quete_LUMIERE,370,5c537cd1,
en,line:0e19675,Marline : Des coussins.,Assets/Babbles/YarnSpinner/Français/YarnPackMarline.yarn,Marline_Quete_LUMIERE,371,83371ffd,
en,line:0bc1f7b,Marline : Ta tête est aussi vide que celle de ton père ma parole...,Assets/Babbles/YarnSpinner/Français/YarnPackMarline.yarn,Marline_Quete_LUMIERE,373,0c265427,
en,line:0d324c0,"Marline : Retente ta chance, avec quoi fabrique-t-on un <color=#FFC300>poulpe coussin</color=#FFC300> ?",Assets/Babbles/YarnSpinner/Français/YarnPackMarline.yarn,Marline_Quete_LUMIERE,375,2b961939,
en,line:0313d62,Marline : Un <color=#FFC300>poulpe</color=#FFC300> et une <color=#FFC300>banane</color=#FFC300>.,Assets/Babbles/YarnSpinner/Français/YarnPackMarline.yarn,Marline_Quete_LUMIERE,376,2d2333b2,
en,line:0dd4fd1,"Marline : Bien joué, tu vois quand tu veux !",Assets/Babbles/YarnSpinner/Français/YarnPackMarline.yarn,Marline_Quete_LUMIERE,377,fd6fe6e5,
en,line:0363699,Marline : Une <color=#FFC300>méduse</color=#FFC300> et une <color=#FFC300>banane</color=#FFC300>.,Assets/Babbles/YarnSpinner/Français/YarnPackMarline.yarn,Marline_Quete_LUMIERE,378,ee8434c0,
en,line:0ea9fae,"Marline : Non Bulle, réfléchis un peu...",Assets/Babbles/YarnSpinner/Français/YarnPackMarline.yarn,Marline_Quete_LUMIERE,380,6d6c30ab,
en,line:02912d7,"Marline : Retente ta chance, avec quoi fabrique-t-on un <color=#FFC300>poulpe coussin</color=#FFC300> ?",Assets/Babbles/YarnSpinner/Français/YarnPackMarline.yarn,Marline_Quete_LUMIERE,382,2b961939,
en,line:0d1009c,Marline : Aller Bulle tu peux y arriver !,Assets/Babbles/YarnSpinner/Français/YarnPackMarline.yarn,Marline_Quete_LUMIERE,383,0f82a4f9,
en,line:07a8e3b,Marline : Il ne te reste plus beaucoup de choix...,Assets/Babbles/YarnSpinner/Français/YarnPackMarline.yarn,Marline_Quete_LUMIERE,384,1fee8710,
en,line:0f9258d,Marline : Avec quoi fabrique-t-on un <color=#FFC300>poulpe coussin</color=#FFC300> ?,Assets/Babbles/YarnSpinner/Français/YarnPackMarline.yarn,Marline_Quete_LUMIERE,385,40776937,
en,line:0e4868b,Marline : Un <color=#FFC300>poulpe</color=#FFC300> et une <color=#FFC300>banane</color=#FFC300>.,Assets/Babbles/YarnSpinner/Français/YarnPackMarline.yarn,Marline_Quete_LUMIERE,386,2d2333b2,
en,line:06d89fe,Marline : Bravo Bulle !,Assets/Babbles/YarnSpinner/Français/YarnPackMarline.yarn,Marline_Quete_LUMIERE,387,5c537cd1,
en,line:1ca73aa,Bulle : A ton avis ?,Assets/Babbles/YarnSpinner/Français/YarnPackMarline.yarn,Marline_Quete_LUMIERE,388,d15aeb7c,
en,line:03693a6,"Marline : Bulle, un peu d'effort...",Assets/Babbles/YarnSpinner/Français/YarnPackMarline.yarn,Marline_Quete_LUMIERE,389,527057c4,
en,line:0d86364,"Marline : Retente ta chance, avec quoi fabrique-t-on un <color=#FFC300>poulpe coussin</color=#FFC300> ?",Assets/Babbles/YarnSpinner/Français/YarnPackMarline.yarn,Marline_Quete_LUMIERE,390,2b961939,
en,line:034e5ec,Marline : Un <color=#FFC300>poulpe</color=#FFC300> et une <color=#FFC300>banane</color=#FFC300>.,Assets/Babbles/YarnSpinner/Français/YarnPackMarline.yarn,Marline_Quete_LUMIERE,391,2d2333b2,
en,line:06c480b,"Marline : Bien joué, tu vois quand tu veux !",Assets/Babbles/YarnSpinner/Français/YarnPackMarline.yarn,Marline_Quete_LUMIERE,392,fd6fe6e5,
en,line:01f0f58,Marline : Des coussins.,Assets/Babbles/YarnSpinner/Français/YarnPackMarline.yarn,Marline_Quete_LUMIERE,393,83371ffd,
en,line:042af72,Marline : Ta tête est aussi vide que celle de ton père ma parole...,Assets/Babbles/YarnSpinner/Français/YarnPackMarline.yarn,Marline_Quete_LUMIERE,395,0c265427,
en,line:0618461,Marline : Aller Bulle tu peux y arriver !,Assets/Babbles/YarnSpinner/Français/YarnPackMarline.yarn,Marline_Quete_LUMIERE,397,0f82a4f9,
en,line:08a50a0,Marline : Il ne te reste plus beaucoup de choix...,Assets/Babbles/YarnSpinner/Français/YarnPackMarline.yarn,Marline_Quete_LUMIERE,398,1fee8710,
en,line:0100a30,Marline : Avec quoi fabrique-t-on un <color=#FFC300>poulpe coussin</color=#FFC300> ?,Assets/Babbles/YarnSpinner/Français/YarnPackMarline.yarn,Marline_Quete_LUMIERE,399,40776937,
en,line:075cdc5,Marline : Un <color=#FFC300>poulpe</color=#FFC300> et une <color=#FFC300>banane</color=#FFC300>.,Assets/Babbles/YarnSpinner/Français/YarnPackMarline.yarn,Marline_Quete_LUMIERE,400,2d2333b2,
en,line:0f551bf,Marline : Bravo Bulle !,Assets/Babbles/YarnSpinner/Français/YarnPackMarline.yarn,Marline_Quete_LUMIERE,401,5c537cd1,
en,line:0699f92,Marline : <b>Deuxième question</b>.,Assets/Babbles/YarnSpinner/Français/YarnPackMarline.yarn,Marline_Quete_LUMIERE,402,73b35db4,
en,line:0e67fdf,Marline : Qui est le meilleur acteur de l'océan ?,Assets/Babbles/YarnSpinner/Français/YarnPackMarline.yarn,Marline_Quete_LUMIERE,403,b2e3f3ca,
en,line:0149783,Marline : Willem Dafeau,Assets/Babbles/YarnSpinner/Français/YarnPackMarline.yarn,Marline_Quete_LUMIERE,404,43c51cb3,
en,line:0c5a5db,Marline : Ça se voit que tu n'y connais rien mais bon je peux pas t'en vouloir t'es encore jeune...,Assets/Babbles/YarnSpinner/Français/YarnPackMarline.yarn,Marline_Quete_LUMIERE,405,21d4d583,
en,line:0ff5f5a,Marline : Noémie Merlant.,Assets/Babbles/YarnSpinner/Français/YarnPackMarline.yarn,Marline_Quete_LUMIERE,406,e5f7cb88,
en,line:0cd7ca7,Marline : Non Bulle...comment tu peux penser ça...,Assets/Babbles/YarnSpinner/Français/YarnPackMarline.yarn,Marline_Quete_LUMIERE,407,5cb03ce2,
en,line:0abf687,Marline : La seule chose bien avec cette actrice c'est qu'elle porte bien son nom.,Assets/Babbles/YarnSpinner/Français/YarnPackMarline.yarn,Marline_Quete_LUMIERE,408,a81cbf38,
en,line:0703298,Marline : Elle m'a toujours énervée avec son regard de merlan frit là.,Assets/Babbles/YarnSpinner/Français/YarnPackMarline.yarn,Marline_Quete_LUMIERE,409,00a54297,
en,line:0ef0f69,Marline : Carrie Fisher.,Assets/Babbles/YarnSpinner/Français/YarnPackMarline.yarn,Marline_Quete_LUMIERE,410,81d347c9,
en,line:0316147,Marline : Tu es un poisson de goût Bulle ! Carrie Fisher c'était une <b><size=170%>vraie<size=170%></b> aventurière dans tous ses films !,Assets/Babbles/YarnSpinner/Français/YarnPackMarline.yarn,Marline_Quete_LUMIERE,411,90e7b527,
en,line:06a6c5c,"Marline : C'était mon modèle quand j'avais ton âge, j'aimais tellement Sky Wars...",Assets/Babbles/YarnSpinner/Français/YarnPackMarline.yarn,Marline_Quete_LUMIERE,412,3907cb7a,
en,line:23ea058,Bulle : C'est John Cen'eau pupulupuuuu pupululupuuu.,Assets/Babbles/YarnSpinner/Français/YarnPackMarline.yarn,Marline_Quete_LUMIERE,414,223506f2,
en,line:024ceb0,"Marline : Bulle, ton humour est <mspace=1.10em>inégalable</mspace=1.10em>.",Assets/Babbles/YarnSpinner/Français/YarnPackMarline.yarn,Marline_Quete_LUMIERE,415,fb06fd4d,
en,line:0af9b27,Marline : <b>Troisième et dernière question.</b>,Assets/Babbles/YarnSpinner/Français/YarnPackMarline.yarn,Marline_Quete_LUMIERE,416,84fda25b,
en,line:08e4aba,Marline : Qui est la meilleure personne du monde ?,Assets/Babbles/YarnSpinner/Français/YarnPackMarline.yarn,Marline_Quete_LUMIERE,417,c9b2022c,
en,line:1bce7d9,Bulle : Je sais pas. Mais c'est pas toi en tout cas !,Assets/Babbles/YarnSpinner/Français/YarnPackMarline.yarn,Marline_Quete_LUMIERE,418,2957d079,
en,line:02512a2,"Marline : Si c'est comme ça, tu n'auras rien petit insolent ! Oust !",Assets/Babbles/YarnSpinner/Français/YarnPackMarline.yarn,Marline_Quete_LUMIERE,419,44cdbff7,
en,line:0057990,Marline : La mère de ton père.,Assets/Babbles/YarnSpinner/Français/YarnPackMarline.yarn,Marline_Quete_LUMIERE,420,c3d10013,
en,line:08cc079,Marline : Tu as raison là dessus Bullot ! Tiens tu l'as bien mérité.,Assets/Babbles/YarnSpinner/Français/YarnPackMarline.yarn,Marline_Quete_LUMIERE,421,a1b635ab,
en,line:0966d78,"Marline : Quand tu l'auras fabriqué tu pourras voir plus longtemps dans le noir, c'est super pratique pour explorer certaines zones crois moi !",Assets/Babbles/YarnSpinner/Français/YarnPackMarline.yarn,Marline_Quete_LUMIERE,424,07ab1832,
en,line:0b2ad9a,"Bulle : Merci mamie, c'est trop cool !!",Assets/Babbles/YarnSpinner/Français/YarnPackMarline.yarn,Marline_Quete_LUMIERE,426,4c5708fe,
en,line:09d4bc4,"Marline : Oui, oui, maintenant à toi d'en fabriquer une ! L'aventure n'attend pas !",Assets/Babbles/YarnSpinner/Français/YarnPackMarline.yarn,Marline_Quete_LUMIERE,428,82eb95f5,
en,line:086f0dc,Marline : La plus grande aventurière de l'océan.,Assets/Babbles/YarnSpinner/Français/YarnPackMarline.yarn,Marline_Quete_LUMIERE,429,fb9406d0,
en,line:0866071,Marline : Tu as bien raison la dessus Bullot ! Tiens tu l'as bien mérité.,Assets/Babbles/YarnSpinner/Français/YarnPackMarline.yarn,Marline_Quete_LUMIERE,430,3c1a631b,
en,line:06620ec,"Marline : Quand tu l'auras fabriqué tu pourras voir plus longtemps dans le noir, c'est super pratique pour explorer certaines zones crois moi !",Assets/Babbles/YarnSpinner/Français/YarnPackMarline.yarn,Marline_Quete_LUMIERE,433,07ab1832,
en,line:0377e87,"Bulle : Merci mamie, c'est trop cool !!",Assets/Babbles/YarnSpinner/Français/YarnPackMarline.yarn,Marline_Quete_LUMIERE,435,4c5708fe,
en,line:026d8bb,"Marline : Oui, oui, maintenant à toi d'en fabriquer une ! L'aventure n'attend pas !",Assets/Babbles/YarnSpinner/Français/YarnPackMarline.yarn,Marline_Quete_LUMIERE,437,82eb95f5,
en,line:273b789,Marline : Ta grand-mère préférée.,Assets/Babbles/YarnSpinner/Français/YarnPackMarline.yarn,Marline_Quete_LUMIERE,438,bb8f3b2f,
en,line:07e6286,Marline : Tu as bien raison la dessus Bullot ! Tiens tu l'as bien mérité.,Assets/Babbles/YarnSpinner/Français/YarnPackMarline.yarn,Marline_Quete_LUMIERE,439,3c1a631b,
en,line:0d9c0f1,"Marline : Quand tu l'auras fabriqué tu pourras voir bien longtemps dans le noir, c'est super pratique pour explorer certaines zones crois moi !",Assets/Babbles/YarnSpinner/Français/YarnPackMarline.yarn,Marline_Quete_LUMIERE,442,10da5c7e,
en,line:094f4c7,"Bulle : Merci mamie, c'est trop cool !!",Assets/Babbles/YarnSpinner/Français/YarnPackMarline.yarn,Marline_Quete_LUMIERE,444,4c5708fe,
en,line:0f0d3d4,"Marline : Oui, oui, maintenant à toi d'en fabriquer une ! L'aventure n'attend pas !",Assets/Babbles/YarnSpinner/Français/YarnPackMarline.yarn,Marline_Quete_LUMIERE,446,82eb95f5,
en,line:07a2bc9,Marline: Hello Bulle.,Assets/Babbles/YarnSpinner/Français/YarnPackMarline.yarn,Marline_Salute,454,a9e2be8f,
en,line:0cb1426,Marline: Under the seaaa- ,Assets/Babbles/YarnSpinner/Français/YarnPackMarline.yarn,Marline_Salute,458,74a570fe,
en,line:0afb678,"Marline: Oh Bulle, you're there!",Assets/Babbles/YarnSpinner/Français/YarnPackMarline.yarn,Marline_Salute,459,9a667eb6,
en,line:0c8ea4a,Marline: Are you going to stay there all day? ,Assets/Babbles/YarnSpinner/Français/YarnPackMarline.yarn,Marline_Aurevoir,468,be0d43ee,
en,line:0cc0b4e,Marline: I've got a busy schedule.,Assets/Babbles/YarnSpinner/Français/YarnPackMarline.yarn,Marline_Aurevoir,470,4c5a0bb8,
en,line:0b1ebeb,"Marline: I believe the next <color=""white"">Marine Current</color=""white""> towards adventure leaves soon.",Assets/Babbles/YarnSpinner/Français/YarnPackMarline.yarn,Marline_Aurevoir,473,704a379a,
en,line:04f9ea5,Marline: You should hurry up and go get it.,Assets/Babbles/YarnSpinner/Français/YarnPackMarline.yarn,Marline_Aurevoir,474,c21cd23b,
en,line:07fe25f,"Marline: Thanks, I'll use it to throw at your dad the next time he's looking for you.",Assets/Babbles/YarnSpinner/Français/YarnPackMarline.yarn,Marline_Receive,482,1b824b02,
en,line:0359fee,"Marline: Thanks Bulle, something I can use on my next trip! ",Assets/Babbles/YarnSpinner/Français/YarnPackMarline.yarn,Marline_Receive_Like,489,e3b007b8,
en,line:04bece2,Marline: Even Napoleon never gave me such a beautiful gift! Thank you Bulle.,Assets/Babbles/YarnSpinner/Français/YarnPackMarline.yarn,Marline_Receive_Like,491,2bd0ea9c,
en,line:07eab77,Bulle: Napoleon?,Assets/Babbles/YarnSpinner/Français/YarnPackMarline.yarn,Marline_Receive_Like,492,3a2144ce,
en,line:061aee6,"Marline: Come on Bulle, don't you have something else to do?",Assets/Babbles/YarnSpinner/Français/YarnPackMarline.yarn,Marline_Receive_Like,494,32e380d2,
en,line:0e41557,"Marline: Uh, I know the ocean is one huge garbage can... ",Assets/Babbles/YarnSpinner/Français/YarnPackMarline.yarn,Marline_Receive_Dislike,503,e2dce53b,
en,line:0ffdc1a, Marline: But that's no reason to think I'm one too Bulle.,Assets/Babbles/YarnSpinner/Français/YarnPackMarline.yarn,Marline_Receive_Dislike,504,e76dcfd6,
en,line:072e374,Marline: Are you really using my shaker to make something this lame?,Assets/Babbles/YarnSpinner/Français/YarnPackMarline.yarn,Marline_Receive_Dislike,508,d4360f93,
en,line:0f79641,Marline: Are you kidding me? ,Assets/Babbles/YarnSpinner/Français/YarnPackMarline.yarn,Marline_Receive_Dislike,509,2df2253d,
en,line:069f4cd,"Marline: Bulle, you're my greatest achievement.",Assets/Babbles/YarnSpinner/Français/YarnPackMarline.yarn,Marline_Receive_Campement,516,d5458049,
en,line:07977b0,Marline: This camp is beautiful!,Assets/Babbles/YarnSpinner/Français/YarnPackMarline.yarn,Marline_Receive_Campement,518,02a8697d,
en,line:042b5e2,Marline: The <color=\#FFC300>algae</color=\#FFC300> are of <mspace=0.7em>exceptional quality</mspace=0.7em>! ,Assets/Babbles/YarnSpinner/Français/YarnPackMarline.yarn,Marline_Receive_Campement,519,60472040,
en,line:006d6b1,"Marline: The jellyfish was raised in salt water, fed white plankton and caught with a <size=60%>delicacy</size=60%> worthy of the greatest jellyfish breeder. ",Assets/Babbles/YarnSpinner/Français/YarnPackMarline.yarn,Marline_Receive_Campement,520,baeca10a,
en,line:06c6513,Marline: I'll sleep very well thanks to you.,Assets/Babbles/YarnSpinner/Français/YarnPackMarline.yarn,Marline_Receive_Campement,521,8a3a1548,
en,line:02d6910,Marline : Napopo...,Assets/Babbles/YarnSpinner/Français/YarnPackMarline.yarn,Marline_Receive_Poulpe,527,9bf3314f,
en,line:0489650,"Bulle: Oh no, not him again.",Assets/Babbles/YarnSpinner/Français/YarnPackMarline.yarn,Marline_Receive_Poulpe,530,b6d1c129,
en,line:078222b,"Marline : Non mais laissez-moi, eat my banana.",Assets/Babbles/YarnSpinner/Français/YarnPackMarline.yarn,Marline_Receive_Fruit,536,052440f0,
en,line:0c2f455,"Marline : Non mais laissez-moi, eat my banana naked on the beach.",Assets/Babbles/YarnSpinner/Français/YarnPackMarline.yarn,Marline_Receive_Fruit,537,5db7e236,
en,line:021e676,"Bulle : Are you okay, grandma?",Assets/Babbles/YarnSpinner/Français/YarnPackMarline.yarn,Marline_Receive_Fruit,538,09c99d85,
en,line:0b1a712,"Marline : Nothing, it's an old song.",Assets/Babbles/YarnSpinner/Français/YarnPackMarline.yarn,Marline_Receive_Fruit,540,71720ae0,
en,line:03b4b2d,"Marline: You could have put more explosive in it, this one could barely blow up one ship or two.",Assets/Babbles/YarnSpinner/Français/YarnPackMarline.yarn,Marline_Receive_Grenade,547,d1840325,
en,line:0e62d59,"Bulle: Huh, grandma... My lifegoal isn't to go in prison.",Assets/Babbles/YarnSpinner/Français/YarnPackMarline.yarn,Marline_Receive_Grenade,549,0d892d54,
en,line:04e1913,"Marline: Time to wake up, my bubble.",Assets/Babbles/YarnSpinner/Français/YarnPackMarline.yarn,Marline_Wake,556,20022bc5,
en,line:0badc63,"Bulle: Ahhhh, I'm dead?",Assets/Babbles/YarnSpinner/Français/YarnPackMarline.yarn,Marline_Wake,557,9de6ea79,
en,line:02d27e5,Marline: What? You think I'm a ghost?,Assets/Babbles/YarnSpinner/Français/YarnPackMarline.yarn,Marline_Wake,558,9b84e33d,
en,line:0afa2c9,Marline: You'll get one of those slaps and see if I'm a ghost.,Assets/Babbles/YarnSpinner/Français/YarnPackMarline.yarn,Marline_Wake,559,cd0b90f3,
en,line:0e33f21,"Astère: Bulle, if we get slapped in the face, remember that I'm on the front line.",Assets/Babbles/YarnSpinner/Français/YarnPackMarline.yarn,Marline_Wake,560,ecd1ce46,
en,line:0805ef3,Marline: Wake up Bulle! Adventure is at your door! ,Assets/Babbles/YarnSpinner/Français/YarnPackMarline.yarn,Marline_Wake,564,f6dd8b41,
en,line:0dd18fb,"Bulle: Is it true? Are you going to take me to explore, Granny? ",Assets/Babbles/YarnSpinner/Français/YarnPackMarline.yarn,Marline_Wake,566,531dfb7a,
en,line:09ecd1f,"Marline: Uh no, I'm just playing the role of the call to adventure and you are the adventurer.",Assets/Babbles/YarnSpinner/Français/YarnPackMarline.yarn,Marline_Wake,568,0e87b405,
en,line:0f9e5ca,"Marline: Hop hop hop, hurry up!",Assets/Babbles/YarnSpinner/Français/YarnPackMarline.yarn,Marline_Wake,569,ad3ad2db,
en,line:0ec0199,Marline : <size=70%>C'est l'heure de se réveiller Bullot.</size>,Assets/Babbles/YarnSpinner/Français/YarnPackMarline.yarn,Marline_WakeOral,577,f530481d,
en,line:035a6b1,"Bulle : Ahhhhhh, je suis mort ?",Assets/Babbles/YarnSpinner/Français/YarnPackMarline.yarn,Marline_WakeOral,578,6c4d1899,
en,line:02f834c,Marline : <size=800%><b>Quoi ???</b></size>,Assets/Babbles/YarnSpinner/Français/YarnPackMarline.yarn,Marline_WakeOral,579,27a790d1,
en,line:0bdbc9c,Marline : Tu me prends pour un fantôme  ?,Assets/Babbles/YarnSpinner/Français/YarnPackMarline.yarn,Marline_WakeOral,581,b7fa7448,
en,line:054d63e,Marline : Tu vas te prendre une de ces claques tu vas voir si je suis un fantôme.,Assets/Babbles/YarnSpinner/Français/YarnPackMarline.yarn,Marline_WakeOral,582,cd0b90f3,
en,line:0d50b40,"Astère : <i>Bulle, si on se prend une claque rappelle toi que je suis en première ligne.</i>",Assets/Babbles/YarnSpinner/Français/YarnPackMarline.yarn,Marline_WakeOral,584,bb4415b7,
en,line:04f1a21,"Marline : Hého Bulle, ne me parle plus <b>jamais</b> sur ce thon !",Assets/Babbles/YarnSpinner/Français/YarnPackMarline.yarn,Marline_SeumExplo,589,e57e97f2,
en,line:0d23595,Marline : Tu vas pas t'en tirer comme ça !,Assets/Babbles/YarnSpinner/Français/YarnPackMarline.yarn,Marline_SeumExplo,590,70346caa,
en,line:0db3dd1,Marline : Si tu veux te comporter comme un adulte alors il va falloir assumer comme un adulte !,Assets/Babbles/YarnSpinner/Français/YarnPackMarline.yarn,Marline_SeumExplo,591,ca543bb4,
en,line:0fe3b94,Bulle : Je suis un adulte !,Assets/Babbles/YarnSpinner/Français/YarnPackMarline.yarn,Marline_SeumExplo,593,db0e9eb3,
en,line:074796e,"Marline : Non ! Là, t'es juste un gosse capricieux !",Assets/Babbles/YarnSpinner/Français/YarnPackMarline.yarn,Marline_SeumExplo,595,44de56c8,
en,line:04559ba,Bulle : Je m'en fiche de ton avis !,Assets/Babbles/YarnSpinner/Français/YarnPackMarline.yarn,Marline_SeumExplo,597,ca1237b2,
en,line:0c4748e,Marline : C'est pas comme ça que tu vas grandir crois moi.,Assets/Babbles/YarnSpinner/Français/YarnPackMarline.yarn,Marline_SeumExplo,599,237546ea,
en,line:0b596ba,Marline : Reviens me parler quand tu seras calmé.,Assets/Babbles/YarnSpinner/Français/YarnPackMarline.yarn,Marline_SeumExplo,600,5514149c,
en,line:0ffe4ae,Bulle : J'ai même plus envie de te parler de toute façon.,Assets/Babbles/YarnSpinner/Français/YarnPackMarline.yarn,Marline_SeumExplo,602,141206f9,
en,line:0c5606f,"Marline : Parfait, moi non plus !",Assets/Babbles/YarnSpinner/Français/YarnPackMarline.yarn,Marline_SeumExplo,603,21cc5274,
en,line:0a7ac3b,"Marline : Ah ça y est, le petit rebelle s'est calmé ?",Assets/Babbles/YarnSpinner/Français/YarnPackMarline.yarn,Marline_SeumExcuse,609,0cb91ab3,
en,line:0dad48d,Bulle : Pardon mamie...<size=70%>je voulais pas être méchant...</size=70%>,Assets/Babbles/YarnSpinner/Français/YarnPackMarline.yarn,Marline_SeumExcuse,611,4ca2c72f,
en,line:046ced3,"Marline : Oh t'inquiètes pas bullot, il faut avoir du caractère dans la vie !",Assets/Babbles/YarnSpinner/Français/YarnPackMarline.yarn,Marline_SeumExcuse,612,67337788,
en,line:032cb3b,Marline : Sinon tout le monde te marchera dessus.,Assets/Babbles/YarnSpinner/Français/YarnPackMarline.yarn,Marline_SeumExcuse,614,257f5f51,
en,line:067abd6,"Marline : Regarde ton père, personne le respecte.",Assets/Babbles/YarnSpinner/Français/YarnPackMarline.yarn,Marline_SeumExcuse,615,cd4347b3,
en,line:03b03fa,Bulle : Mais c'est pas d'ma faute si j'ai tout le temps le seum.,Assets/Babbles/YarnSpinner/Français/YarnPackMarline.yarn,Marline_SeumExcuse,617,31502148,
en,line:0a24b1a,Astère : <i>Ah bah il suffit de mieux jouer.</i>,Assets/Babbles/YarnSpinner/Français/YarnPackMarline.yarn,Marline_SeumExcuse,618,a60b08bc,
en,line:06644d1,"Marline : Bullot, la vie c'est pas un kiwi !",Assets/Babbles/YarnSpinner/Français/YarnPackMarline.yarn,Marline_SeumExcuse,619,0a101631,
en,line:0c49b12,"Marline : Il y a des gens chiants, des gens cons et pourtant on est obligés d'être gentils avec eux.",Assets/Babbles/YarnSpinner/Français/YarnPackMarline.yarn,Marline_SeumExcuse,621,04a58f57,
en,line:02f427a,"Marline : Le jour où tu comprendras ça, tu sera un adulte.",Assets/Babbles/YarnSpinner/Français/YarnPackMarline.yarn,Marline_SeumExcuse,622,4aa92b5d,
en,line:09b84c2,Marline : Je t'ai dis de revenir seulement quand tu seras calmé Bulle !,Assets/Babbles/YarnSpinner/Français/YarnPackMarline.yarn,Marline_SeumSalute,627,86878dff,
en,line:004ead6,"Marline : Bulle ! T'as pas suivi mon conseil, tu devais utiliser la <color=#FFC300>canette</color=#FFC300> plus tard.",Assets/Babbles/YarnSpinner/Français/YarnPackMarline.yarn,Marline_Condition,633,0d2ad1af,
en,line:0970b0f,Marline : Mais bon j'apprécie ton esprit curieux alors tiens je t'en redonne une !,Assets/Babbles/YarnSpinner/Français/YarnPackMarline.yarn,Marline_Condition,635,a720d43b,
en,line:08e1e15,Marline : Fais attention cette fois !,Assets/Babbles/YarnSpinner/Français/YarnPackMarline.yarn,Marline_Condition,637,ce54160d,
en,line:3170b5f,"Marline: Well, Bulle, what do you want?",Assets/Babbles/YarnSpinner/Français/YarnPackMarline.yarn,Marline_Option,642,b04775b7,
en,line:3070b5f,Give an item,Assets/Babbles/YarnSpinner/Français/YarnPackMarline.yarn,Marline_Option,644,cea726ac,
en,line:3975b0f,Talk,Assets/Babbles/YarnSpinner/Français/YarnPackMarline.yarn,Marline_Option,647,e2b603b0,
en,line:0945b0f,Leave,Assets/Babbles/YarnSpinner/Français/YarnPackMarline.yarn,Marline_Option,650,4974161d,
en,line:0a69c69,"Bulle, what do you want?",Assets/Babbles/YarnSpinner/Français/YarnPackMarline.yarn,Marline_Option_2,658,25575fad,
en,line:3270b5f,Give an item,Assets/Babbles/YarnSpinner/Français/YarnPackMarline.yarn,Marline_Option_2,659,cea726ac,
en,line:3770b5f,Talk,Assets/Babbles/YarnSpinner/Français/YarnPackMarline.yarn,Marline_Option_2,661,e2b603b0,
en,line:0985b0f,Leave,Assets/Babbles/YarnSpinner/Français/YarnPackMarline.yarn,Marline_Option_2,663,4974161d,
en,line:0934ef9,"Marline : <i><size=70%>Psssst Bulle, if you give me something, I might be motivated to tell you a story.",Assets/Babbles/YarnSpinner/Français/YarnPackMarline.yarn,Marline_NeedNewIntercation,671,bbafb592,
en,line:01090ec,"Marline : My bubble, I love talking to you, but I'm about to miss my UberFish for the <color=\#48BC0D>abysses</color>.",Assets/Babbles/YarnSpinner/Français/YarnPackMarline.yarn,Marline_NeedNewLocation,676,f3316a4e,
en,line:0d920a2,Marline : Maybe I'll see you there. ,Assets/Babbles/YarnSpinner/Français/YarnPackMarline.yarn,Marline_NeedNewLocation,677,d902fb56,
en,line:08c6c61,"Ablette : Yo whaddup, doh? New to da neighbourhood?",Assets/Babbles/YarnSpinner/Français/YarnPackJeunes.yarn,Jeunes_Intro_EPAVE,11,4e9d7958,
en,line:0bd94b0,Ablette: Whatta ya doin'? ,Assets/Babbles/YarnSpinner/Français/YarnPackJeunes.yarn,Jeunes_Intro_EPAVE,13,4bae4de7,
en,line:000578e,Bulle: <size=40%>I'm visiting the area... It looks... coool...</size>,Assets/Babbles/YarnSpinner/Français/YarnPackJeunes.yarn,Jeunes_Intro_EPAVE,14,a98a3916,
en,line:0f71767,"Ablette: It's a pit in here! Pillow Jellyfish, Marine Currents...",Assets/Babbles/YarnSpinner/Français/YarnPackJeunes.yarn,Jeunes_Intro_EPAVE,15,f1fbb0a7,
en,line:0a6ce8d,Ablette: There's everything to chill and skate-bulle.,Assets/Babbles/YarnSpinner/Français/YarnPackJeunes.yarn,Jeunes_Intro_EPAVE,17,d75b6d7d,
en,line:083bb93,Bulle: What's a Marine Current?,Assets/Babbles/YarnSpinner/Français/YarnPackJeunes.yarn,Jeunes_Intro_EPAVE,19,61a62ec2,
en,line:04ad963,"Gumpy: Woooah, dat <color=""green"">small cat</color> don't know no Marine Current!",Assets/Babbles/YarnSpinner/Français/YarnPackJeunes.yarn,Jeunes_Intro_EPAVE,22,630ff79a,
en,line:01077e4,"Ablette: Dammmmmn, I forgot to introduce da crew. We're...",Assets/Babbles/YarnSpinner/Français/YarnPackJeunes.yarn,Jeunes_Intro_EPAVE,25,ca748f46,
en,line:0aa6399,Jeunes: <size=600%><b>THE DEASH SQUAD!</b><size=600%> ,Assets/Babbles/YarnSpinner/Français/YarnPackJeunes.yarn,Jeunes_Intro_EPAVE,29,b8392ffd,
en,line:09cc19a,"Ablette: Da one dat just clashed you is <color=""purple"">Gumpy</color>, my bodyguard.",Assets/Babbles/YarnSpinner/Français/YarnPackJeunes.yarn,Jeunes_Intro_EPAVE,31,893429f5,
en,line:028aa02,"Ablette: The chad at my right is<color=""purple"">Dumbo</color>, my bro.",Assets/Babbles/YarnSpinner/Français/YarnPackJeunes.yarn,Jeunes_Intro_EPAVE,33,a6850b5c,
en,line:057b8db,Dumbo : [nomarkup] hs[ [/nomarkup],Assets/Babbles/YarnSpinner/Français/YarnPackJeunes.yarn,Jeunes_Intro_EPAVE,39,7d38e5b5,
en,line:00062c3,Bulle: Incredible!!!!,Assets/Babbles/YarnSpinner/Français/YarnPackJeunes.yarn,Jeunes_Intro_EPAVE,43,7ab2ad33,
en,line:0c447dd,"Ablette: Basically we're skatebullers but dat old fart <color=""purple"">Napoleon</color> nicked our skates. ",Assets/Babbles/YarnSpinner/Français/YarnPackJeunes.yarn,Jeunes_Intro_EPAVE,46,73bec340,
en,line:08018ea,"Bulle: Who's <color=""purple"">Napoleon</color>?",Assets/Babbles/YarnSpinner/Français/YarnPackJeunes.yarn,Jeunes_Intro_EPAVE,48,189f6985,
en,line:09a1b0d,Gumpy: An old man that squats in da wreck. ,Assets/Babbles/YarnSpinner/Français/YarnPackJeunes.yarn,Jeunes_Intro_EPAVE,50,78bc4968,
en,line:051ecf5,Gumpy: Doesn't he have something else to do with his life like...pirates things...,Assets/Babbles/YarnSpinner/Français/YarnPackJeunes.yarn,Jeunes_Intro_EPAVE,51,cb1e7e7e,
en,line:0f422a6,"Ablette: Bro, if you wanna visit the area like a true chad, I can give you a recipe to flex in the Marine Currents.",Assets/Babbles/YarnSpinner/Français/YarnPackJeunes.yarn,Jeunes_Intro_EPAVE,53,22208976,
en,line:0faad1c,Bulle: Yeah!!!!,Assets/Babbles/YarnSpinner/Français/YarnPackJeunes.yarn,Jeunes_Intro_EPAVE,55,bb0ab2d4,
en,line:0d9e891,"Ablette: You bring back our skates, I give it to you. Good luck dude.",Assets/Babbles/YarnSpinner/Français/YarnPackJeunes.yarn,Jeunes_Intro_EPAVE,56,dab5a643,
en,line:074b161,Ablette: ---,Assets/Babbles/YarnSpinner/Français/YarnPackJeunes.yarn,Jeunes_Story_EPAVE_1,69,3e4742a6,
en,line:04d1fbb,"Ablette: Chillll dude, don't be scared, come on. ",Assets/Babbles/YarnSpinner/Français/YarnPackJeunes.yarn,Jeunes_Story_EPAVE_1,70,5a372f8c,
en,line:079ccd4,Ablette: We're the most feared gang but that doesn't mean we're evil! ,Assets/Babbles/YarnSpinner/Français/YarnPackJeunes.yarn,Jeunes_Story_EPAVE_1,72,1f9d5c0d,
en,line:005aaa8,"Ablette: Okay, <color=""purple"">Gumpy</color> has a badass build, but she <size=150%>only</size=150%> hit five people.",Assets/Babbles/YarnSpinner/Français/YarnPackJeunes.yarn,Jeunes_Story_EPAVE_1,73,52c32724,
en,line:0cdfdb4,Gumpy: And each time they still had enough energy to take a Marine Current and leave here...,Assets/Babbles/YarnSpinner/Français/YarnPackJeunes.yarn,Jeunes_Story_EPAVE_1,76,0cfee113,
en,line:0db237b,"Bulle: And t<color=""purple"">Dumbo</color>? Why doesn't he talk?",Assets/Babbles/YarnSpinner/Français/YarnPackJeunes.yarn,Jeunes_Story_EPAVE_1,79,17f55641,
en,line:07770aa,"Ablette: <color=""purple"">Dumbo</color> ? He only speaks in our mega-secret language. And he don't like no strangers.",Assets/Babbles/YarnSpinner/Français/YarnPackJeunes.yarn,Jeunes_Story_EPAVE_1,81,02cc651b,
en,line:09a255d,Ablette: But my hommies are his hommies! ,Assets/Babbles/YarnSpinner/Français/YarnPackJeunes.yarn,Jeunes_Story_EPAVE_1,83,34e62c6c,
en,line:0336d57,Dumbo : gl+e »,Assets/Babbles/YarnSpinner/Français/YarnPackJeunes.yarn,Jeunes_Story_EPAVE_1,87,4ed96e72,
en,line:07cd518,"Ablette: No <color=""purple"">Dumbo</color>, no way he'd do that, there's no reason. Did you see his face, lol? ",Assets/Babbles/YarnSpinner/Français/YarnPackJeunes.yarn,Jeunes_Story_EPAVE_1,90,6e253ac3,
en,line:0b8b9e8,"Ablette: Remember the first time we saw <color=""purple"">Gumpy</color>, it was the same.",Assets/Babbles/YarnSpinner/Français/YarnPackJeunes.yarn,Jeunes_Story_EPAVE_1,91,3caba148,
en,line:0c7b5c2,Bulle: What do you mean it was the same? What are you talking about?,Assets/Babbles/YarnSpinner/Français/YarnPackJeunes.yarn,Jeunes_Story_EPAVE_1,92,81f450c4,
en,line:0f115f8,"Ablette: One day, we were chilling and we heard rap. A real banger. Spitting some straight fire.",Assets/Babbles/YarnSpinner/Français/YarnPackJeunes.yarn,Jeunes_Story_EPAVE_1,93,e78e6040,
en,line:00202fd,Ablette: So we looked for the source.,Assets/Babbles/YarnSpinner/Français/YarnPackJeunes.yarn,Jeunes_Story_EPAVE_1,95,60bd8579,
en,line:004417e,"Ablette: But when we found her, she left very quickly, we didn't understand anything.",Assets/Babbles/YarnSpinner/Français/YarnPackJeunes.yarn,Jeunes_Story_EPAVE_1,97,dd0f0da8,
en,line:0ca54e8,Gumpy: Those noobs didn't know about skate-bulles,Assets/Babbles/YarnSpinner/Français/YarnPackJeunes.yarn,Jeunes_Story_EPAVE_1,99,b85628ed,
en,line:0bc7158,Ablette: Except she was running so fast that she fell like a loser and broke her arm.,Assets/Babbles/YarnSpinner/Français/YarnPackJeunes.yarn,Jeunes_Story_EPAVE_1,101,01e08635,
en,line:0dae225,"Gumpy: You were so sus, chasing me with your weird clothes.",Assets/Babbles/YarnSpinner/Français/YarnPackJeunes.yarn,Jeunes_Story_EPAVE_1,103,bc502e04,
en,line:0971158,Gumpy: I wasn't in the mood to talk.,Assets/Babbles/YarnSpinner/Français/YarnPackJeunes.yarn,Jeunes_Story_EPAVE_1,104,2179231a,
en,line:04fbbea,Bulle: Why do you all live here alone?  ,Assets/Babbles/YarnSpinner/Français/YarnPackJeunes.yarn,Jeunes_Story_EPAVE_0,115,859601b3,
en,line:0fc20c7,Bulle: You don't have parents?,Assets/Babbles/YarnSpinner/Français/YarnPackJeunes.yarn,Jeunes_Story_EPAVE_0,116,2a13e7a5,
en,line:0e726af,Ablette: No dude. ,Assets/Babbles/YarnSpinner/Français/YarnPackJeunes.yarn,Jeunes_Story_EPAVE_0,118,ebb9898f,
en,line:08b57d4,"Bulle: Pffff, the luck...I wish I was like you. Mine are pissing me off. ",Assets/Babbles/YarnSpinner/Français/YarnPackJeunes.yarn,Jeunes_Story_EPAVE_0,121,c18b0b86,
en,line:019b59c,"Ablette: Never seen ours, we don't really know what they look like.",Assets/Babbles/YarnSpinner/Français/YarnPackJeunes.yarn,Jeunes_Story_EPAVE_0,123,e5c83c7f,
en,line:02ef39e,"Bulle: It's so nice, like you can do anything you want? ",Assets/Babbles/YarnSpinner/Français/YarnPackJeunes.yarn,Jeunes_Story_EPAVE_0,125,5129574d,
en,line:0f2de3a,"Ablette: What did you think dude, you don't become a gang by living with your parents!  ",Assets/Babbles/YarnSpinner/Français/YarnPackJeunes.yarn,Jeunes_Story_EPAVE_0,128,2eedb25e,
en,line:0913460,Ablette: We did it all by ourselves! ,Assets/Babbles/YarnSpinner/Français/YarnPackJeunes.yarn,Jeunes_Story_EPAVE_0,130,a32fe471,
en,line:0678485,Ablette: That's the real streeeeeets.,Assets/Babbles/YarnSpinner/Français/YarnPackJeunes.yarn,Jeunes_Story_EPAVE_0,132,ef9123f7,
en,line:0c69749,Bulle: But how do you do it when you're sick? ,Assets/Babbles/YarnSpinner/Français/YarnPackJeunes.yarn,Jeunes_Story_EPAVE_0,134,23bcd694,
en,line:0e22516,Bulle: It's thanks to mom that I get better every time.,Assets/Babbles/YarnSpinner/Français/YarnPackJeunes.yarn,Jeunes_Story_EPAVE_0,135,784f4281,
en,line:08bfc91,Ablette: We take care of ourselves.,Assets/Babbles/YarnSpinner/Français/YarnPackJeunes.yarn,Jeunes_Story_EPAVE_0,137,d66376c1,
en,line:08787d5,Ablette: Anyway we're so <b><size=130%>powerful</size=130%></b> that diseases are afraid of us. ,Assets/Babbles/YarnSpinner/Français/YarnPackJeunes.yarn,Jeunes_Story_EPAVE_0,139,e8d0fec7,
en,line:0a6d28d,Dumbo : +QT&,Assets/Babbles/YarnSpinner/Français/YarnPackJeunes.yarn,Jeunes_Story_EPAVE_0,143,10d2df2f,
en,line:08b8350,Bulle: And when you're... ,Assets/Babbles/YarnSpinner/Français/YarnPackJeunes.yarn,Jeunes_Story_EPAVE_0,146,44e96479,
en,line:02e7135,"Gumpy: Dude, you can't actually live without your parents?",Assets/Babbles/YarnSpinner/Français/YarnPackJeunes.yarn,Jeunes_Story_EPAVE_0,148,ab1a3292,
en,line:00c5c8e,Bulle: Neither do you!,Assets/Babbles/YarnSpinner/Français/YarnPackJeunes.yarn,Jeunes_Story_EPAVE_0,151,184080bd,
en,line:1283fd1," Bulle: Well, you don't either, look, you live in a lousy old boat.",Assets/Babbles/YarnSpinner/Français/YarnPackJeunes.yarn,Jeunes_Story_EPAVE_0,152,5c5c4285,
en,line:0238f55,"Gumpy: You're the loser, whadaya think you are?",Assets/Babbles/YarnSpinner/Français/YarnPackJeunes.yarn,Jeunes_Story_EPAVE_0,155,c51798cd,
en,line:0d6746a,Bulle: Yes I can!!!,Assets/Babbles/YarnSpinner/Français/YarnPackJeunes.yarn,Jeunes_Story_EPAVE_0,158,04eb0ba5,
en,line:0a39426,"Gumpy: Well, stop talking about them 24/7 then.",Assets/Babbles/YarnSpinner/Français/YarnPackJeunes.yarn,Jeunes_Story_EPAVE_0,160,0b4f7554,
en,line:03309c9,Bulle: I miss them...,Assets/Babbles/YarnSpinner/Français/YarnPackJeunes.yarn,Jeunes_Story_EPAVE_0,162,a0caaad4,
en,line:0f757d3,Bulle: Sometimes I miss them...,Assets/Babbles/YarnSpinner/Français/YarnPackJeunes.yarn,Jeunes_Story_EPAVE_0,163,1c7f08ac,
en,line:0e698f2,Gumpy: Ahahah what a baby! ,Assets/Babbles/YarnSpinner/Français/YarnPackJeunes.yarn,Jeunes_Story_EPAVE_0,166,0f9f4c3e,
en,line:06c0ced,Bulle: You're jealous? ,Assets/Babbles/YarnSpinner/Français/YarnPackJeunes.yarn,Jeunes_Story_EPAVE_0,170,139d009c,
en,line:085b803,"Gumpy: Bullshit! Parents sucks, you said it!",Assets/Babbles/YarnSpinner/Français/YarnPackJeunes.yarn,Jeunes_Story_EPAVE_0,172,c273b19d,
en,line:052663e,Bulle: It sucks when they are boring! But sometimes they're cool too. ,Assets/Babbles/YarnSpinner/Français/YarnPackJeunes.yarn,Jeunes_Story_EPAVE_0,174,7f45559b,
en,line:029658f,Ablette: <size=700%>OH!!!</size=700%> ,Assets/Babbles/YarnSpinner/Français/YarnPackJeunes.yarn,Jeunes_Story_EPAVE_0,176,7d1978d0,
en,line:0bbb108,Ablette: Calm down!!!! ,Assets/Babbles/YarnSpinner/Français/YarnPackJeunes.yarn,Jeunes_Story_EPAVE_0,177,54411d10,
en,line:01a38b5,"Ablette: Today we're alone whether we want to be or not, that's why we're in this gang. ",Assets/Babbles/YarnSpinner/Français/YarnPackJeunes.yarn,Jeunes_Story_EPAVE_0,180,e48fd066,
en,line:04625aa,Ablette: We're going to <cspace=-0.1em>stick</cspace=-0.1em> our fins together and live our best lives! ,Assets/Babbles/YarnSpinner/Français/YarnPackJeunes.yarn,Jeunes_Story_EPAVE_0,182,8d8dcc86,
en,line:000805a,Ablette : Mon p'tit pote ! Qu'est-ce que tu fous ici ? C'est trop gang pour toi non ?,Assets/Babbles/YarnSpinner/Français/YarnPackJeunes.yarn,Jeunes_Intro_ABYSSES,194,7b262c52,
en,line:0a6708d,"Bulle : Eho, vous m'aviez dit que je pouvais être dans votre groupe !",Assets/Babbles/YarnSpinner/Français/YarnPackJeunes.yarn,Jeunes_Intro_ABYSSES,196,904bde3e,
en,line:0c9dac3,"Gumpy : Gang ou non, on peut pas entrer dans cette boite de nuit pourrie gérée par le poisson le plus cheum de l'univers.",Assets/Babbles/YarnSpinner/Français/YarnPackJeunes.yarn,Jeunes_Intro_ABYSSES,198,adf69c5f,
en,line:0163447,Gumpy : De toute façon ces boloss méritent pas d'entendre mon rap.,Assets/Babbles/YarnSpinner/Français/YarnPackJeunes.yarn,Jeunes_Intro_ABYSSES,199,ddae9be8,
en,line:0860e2a,"Ablette : <color=""purple"">Gumpy</color> est hyper énervée, son showcase a été annulé.",Assets/Babbles/YarnSpinner/Français/YarnPackJeunes.yarn,Jeunes_Intro_ABYSSES,200,310c56d1,
en,line:0c13a90,Ablette : L'écoute pas elle pourrait dire des gros mots.,Assets/Babbles/YarnSpinner/Français/YarnPackJeunes.yarn,Jeunes_Intro_ABYSSES,201,c14cf9d2,
en,line:0aa49e7,Bulle : Pourquoi vous pouvez pas entrer ? C'est trop gang pour vous ?,Assets/Babbles/YarnSpinner/Français/YarnPackJeunes.yarn,Jeunes_Intro_ABYSSES,202,eb564cbc,
en,line:08482ae,"Astère : <i>Bulle en mode clash, c'est ça qu'on veut ! Dis-lui Bulle !!</i>",Assets/Babbles/YarnSpinner/Français/YarnPackJeunes.yarn,Jeunes_Intro_ABYSSES,203,83148be6,
en,line:03f37fd,Ablette : Non mais ça a rien à voir mon p'tit pote...,Assets/Babbles/YarnSpinner/Français/YarnPackJeunes.yarn,Jeunes_Intro_ABYSSES,204,59f63d7a,
en,line:0816c8f,Ablette : C'est juste qu'on est pas majeurs et on a même pas d'autorisation parentale.,Assets/Babbles/YarnSpinner/Français/YarnPackJeunes.yarn,Jeunes_Intro_ABYSSES,205,6091b6bc,
en,line:07369dd,"Gumpy : Laisse tomber <color=""purple"">Ablette</color>, ce mec a des yeux tellement <size=170%>gros</size=170%> qu'il a même plus de place pour avoir un cerveau.",Assets/Babbles/YarnSpinner/Français/YarnPackJeunes.yarn,Jeunes_Intro_ABYSSES,206,55ba635e,
en,line:0773a57,"Gumpy : On a pas de parents, comment il veut qu'on choppe une autorisation <size=170%>PARENTALE</size=170%>.",Assets/Babbles/YarnSpinner/Français/YarnPackJeunes.yarn,Jeunes_Intro_ABYSSES,207,e94e1e2f,
en,line:0bed776,Bulle : C'est pas pratique...,Assets/Babbles/YarnSpinner/Français/YarnPackJeunes.yarn,Jeunes_Intro_ABYSSES,209,fe476a57,
en,line:02174ea,"Gumpy : Bah non c'est pas pratique ! Vas-y je suis saoulée, j'me cassssssssssse.",Assets/Babbles/YarnSpinner/Français/YarnPackJeunes.yarn,Jeunes_Intro_ABYSSES,211,d19b4526,
en,line:01e2c1d,Ablette : On va y aller aussi...à plus mon p'tit pote.,Assets/Babbles/YarnSpinner/Français/YarnPackJeunes.yarn,Jeunes_Intro_ABYSSES,212,2fd3c488,
en,line:05bef52,Ablette : Peut-être.,Assets/Babbles/YarnSpinner/Français/YarnPackJeunes.yarn,Jeunes_Story_ABYSSES_0,222,a275931b,
en,line:086ee99,"Ablette : Yo Bulle, attention je sais ce que tu vas dire :",Assets/Babbles/YarnSpinner/Français/YarnPackJeunes.yarn,Jeunes_Story_ABYSSES_0,223,e8c0fb5d,
en,line:09e2622,"Ablette : <i>""Wah, ce gang trop stylé est toujours ici, j'ai trop de chance de les croiser à nouveau.""</i>",Assets/Babbles/YarnSpinner/Français/YarnPackJeunes.yarn,Jeunes_Story_ABYSSES_0,224,aa82fd35,
en,line:0f8fe64,"Ablette : Mais regarde, on a trouvé un stand de bulle-tea, c'est trop bon !!",Assets/Babbles/YarnSpinner/Français/YarnPackJeunes.yarn,Jeunes_Story_ABYSSES_0,225,87cc43d9,
en,line:0efe8d4,Astère : <i>Moi j'aurais plus dit :</i>,Assets/Babbles/YarnSpinner/Français/YarnPackJeunes.yarn,Jeunes_Story_ABYSSES_0,226,73e265f8,
en,line:0f352d0,"Astère : <i>""Ces boloss sont toujours là, ils ont vraiment aucun endroit où aller, c'est vraiment des SDF.""</i>",Assets/Babbles/YarnSpinner/Français/YarnPackJeunes.yarn,Jeunes_Story_ABYSSES_0,227,5359809f,
en,line:0a7ea06,"Ablette : <size=60%>Psssst Bulle, on a eu une idée pour réconforter <color=""purple"">Gumpy</color>.</size=60%>",Assets/Babbles/YarnSpinner/Français/YarnPackJeunes.yarn,Jeunes_Story_ABYSSES_0,228,458f6b3c,
en,line:04e63e3,Ablette : On va faire une battle de rap contre toi. Comme ça elle va bien t'éclater et elle ira mieux !,Assets/Babbles/YarnSpinner/Français/YarnPackJeunes.yarn,Jeunes_Story_ABYSSES_0,229,0a6a54c6,
en,line:0e2457e,Ablette : Ça te dit ?,Assets/Babbles/YarnSpinner/Français/YarnPackJeunes.yarn,Jeunes_Story_ABYSSES_0,230,30c74ca2,
en,line:024219b,"Bulle : Oui. Mais seulement si <color=""purple"">Astère</color> peut participer.",Assets/Babbles/YarnSpinner/Français/YarnPackJeunes.yarn,Jeunes_Story_ABYSSES_0,231,a51bd1de,
en,line:0dc01ac,Ablette : C'est qui cette meuf ?,Assets/Babbles/YarnSpinner/Français/YarnPackJeunes.yarn,Jeunes_Story_ABYSSES_0,232,f8b4c875,
en,line:0a6c592,"Bulle : C'est mon étoile de mer, elle va vous...",Assets/Babbles/YarnSpinner/Français/YarnPackJeunes.yarn,Jeunes_Story_ABYSSES_0,233,f7537496,
en,line:050646a,"Astère : <i>Donne-moi un micro Bulle, je vais leur montrer !</i>",Assets/Babbles/YarnSpinner/Français/YarnPackJeunes.yarn,Jeunes_Story_ABYSSES_0,234,565018c2,
en,line:0552a21,Ablette : Je déclare la battle de rap Bulle et Astère VS L'échecouade ouverte !,Assets/Babbles/YarnSpinner/Français/YarnPackJeunes.yarn,Jeunes_Story_ABYSSES_0,235,ede8d2cd,
en,line:0fbed77,Gumpy : Échecouade !!! Rassemblement ! Est-ce que vous êtes readyyyyy ?????,Assets/Babbles/YarnSpinner/Français/YarnPackJeunes.yarn,Jeunes_Story_ABYSSES_0,236,21b81e53,
en,line:0c7d278,Ablette : <size=800%>Échecouade !</size=800%>,Assets/Babbles/YarnSpinner/Français/YarnPackJeunes.yarn,Jeunes_Story_ABYSSES_0,237,a33a8a40,
en,line:05bc549,Dumbo : $!!ky€f,Assets/Babbles/YarnSpinner/Français/YarnPackJeunes.yarn,Jeunes_Story_ABYSSES_0,239,90f18188,
en,line:0dfdbaa,"Gumpy : Nous c'est l'échecouade, mais on s'est pas échoués, on va vous défoncer, on est complétements chtarbés.",Assets/Babbles/YarnSpinner/Français/YarnPackJeunes.yarn,Jeunes_Story_ABYSSES_0,242,fe8feacc,
en,line:0617aa8,Gumpy : Certains ont voulu nous mener en bateau mais ils savent pas qu'on a déjà celui d'Napoléon.,Assets/Babbles/YarnSpinner/Français/YarnPackJeunes.yarn,Jeunes_Story_ABYSSES_0,243,723588d7,
en,line:0406fbe,Bulle,Assets/Babbles/YarnSpinner/Français/YarnPackJeunes.yarn,Jeunes_Story_ABYSSES_0,244,b4376857,
en,line:04257e3,"Bulle : Vous m'faites pas peur, vous avez même pas des têtes de rappeurs.",Assets/Babbles/YarnSpinner/Français/YarnPackJeunes.yarn,Jeunes_Story_ABYSSES_0,246,70d23c69,
en,line:06a6cfa,"Bulle : Dans la vie y'a ni méchants ni gentils, y'a que des chiants et des sushis.",Assets/Babbles/YarnSpinner/Français/YarnPackJeunes.yarn,Jeunes_Story_ABYSSES_0,247,70c24cf9,
en,line:045322a,Astère,Assets/Babbles/YarnSpinner/Français/YarnPackJeunes.yarn,Jeunes_Story_ABYSSES_0,249,b4dab2da,
en,line:0e38213,Astère : Tout ce que vous savez faire c'est des rimes en é ? Même Urfe a plus de vocabulaire que vous.,Assets/Babbles/YarnSpinner/Français/YarnPackJeunes.yarn,Jeunes_Story_ABYSSES_0,250,7cd2fabe,
en,line:08c4e9c,"Astère : Va falloir plus de smurf, si vous voulez nous mettre à bout.",Assets/Babbles/YarnSpinner/Français/YarnPackJeunes.yarn,Jeunes_Story_ABYSSES_0,251,93c00461,
en,line:02af461,"Ablette : On est des ado, tout arrêter parfois on y songe, mais j'vais pas jeter l'éponge pour pas avoir toute l'espèce à dos.",Assets/Babbles/YarnSpinner/Français/YarnPackJeunes.yarn,Jeunes_Story_ABYSSES_0,252,ea5e9503,
en,line:0e4d9db,"Ablette : J'vais pas m'la couler douce, faut qu'mon rap vous foute la frousse.",Assets/Babbles/YarnSpinner/Français/YarnPackJeunes.yarn,Jeunes_Story_ABYSSES_0,253,3c968dec,
en,line:0290377,Bulle,Assets/Babbles/YarnSpinner/Français/YarnPackJeunes.yarn,Jeunes_Story_ABYSSES_0,254,b4376857,
en,line:07a6b17,"Bulle :J'ai voyagé dans la brousse, la mousse, la cambrousse et personne est venu à ma rescousse. J'suis un warrior, je vaux de l'or.",Assets/Babbles/YarnSpinner/Français/YarnPackJeunes.yarn,Jeunes_Story_ABYSSES_0,255,da48c1eb,
en,line:0e1e9dd,"Astère: Oh calme toi Bulle, sans moi tu peux dire adieu à tes rotules.",Assets/Babbles/YarnSpinner/Français/YarnPackJeunes.yarn,Jeunes_Story_ABYSSES_0,256,ef5d2f34,
en,line:0c64d44,Astère,Assets/Babbles/YarnSpinner/Français/YarnPackJeunes.yarn,Jeunes_Story_ABYSSES_0,257,b4dab2da,
en,line:03904e4,"Astère : Wahh j'ai tellement peur, j'en pleure. Non j'rigole j'ai pas d'visage, j'suis un porte parole ret'nue en otage sur un front, j'ai la rage.",Assets/Babbles/YarnSpinner/Français/YarnPackJeunes.yarn,Jeunes_Story_ABYSSES_0,258,e56cd85b,
en,line:0eb9ed6,"Gumpy : Ton étoile de mer elle a trop la conf', qu'elle descende par terre j'vais la marave à donf.",Assets/Babbles/YarnSpinner/Français/YarnPackJeunes.yarn,Jeunes_Story_ABYSSES_0,259,95a790c9,
en,line:0715ed3,Gumpy : J'tremperais mes cookillages dans ses larmes.,Assets/Babbles/YarnSpinner/Français/YarnPackJeunes.yarn,Jeunes_Story_ABYSSES_0,260,c404bb3f,
en,line:0ef3938,Bulle,Assets/Babbles/YarnSpinner/Français/YarnPackJeunes.yarn,Jeunes_Story_ABYSSES_0,261,b4376857,
en,line:0af6a62,"Bulle : Touche pas à Astère, ou je te transformes en gruyère !",Assets/Babbles/YarnSpinner/Français/YarnPackJeunes.yarn,Jeunes_Story_ABYSSES_0,263,c5b29e35,
en,line:023a18e,"Bulle : Fait tes prières, on va vous ramasser à la petite cuillère.",Assets/Babbles/YarnSpinner/Français/YarnPackJeunes.yarn,Jeunes_Story_ABYSSES_0,264,83b33eda,
en,line:0801d7b,Astère,Assets/Babbles/YarnSpinner/Français/YarnPackJeunes.yarn,Jeunes_Story_ABYSSES_0,266,b4dab2da,
en,line:002e949,"Astère : Gumpy ton bob, c'est pour cacher ta calvitie ?",Assets/Babbles/YarnSpinner/Français/YarnPackJeunes.yarn,Jeunes_Story_ABYSSES_0,267,19864daa,
en,line:0e0e899,"Astère : T'as toujours l'air vener meuf, faut aller prendre l'air.",Assets/Babbles/YarnSpinner/Français/YarnPackJeunes.yarn,Jeunes_Story_ABYSSES_0,268,d07adcd4,
en,line:0056338,Dumbo : @!t€$ e>x/°,Assets/Babbles/YarnSpinner/Français/YarnPackJeunes.yarn,Jeunes_Story_ABYSSES_0,270,996aff69,
en,line:0e51e54,"Ablette : Wahhh Dumbo c'était trop violent, bien envoyé ça !!!",Assets/Babbles/YarnSpinner/Français/YarnPackJeunes.yarn,Jeunes_Story_ABYSSES_0,272,42ff1cb2,
en,line:0e791e0,Bulle,Assets/Babbles/YarnSpinner/Français/YarnPackJeunes.yarn,Jeunes_Story_ABYSSES_0,273,b4376857,
en,line:05967d9,Bulle : Dumbo j'ai pas compris mais j'veux être ton ami.,Assets/Babbles/YarnSpinner/Français/YarnPackJeunes.yarn,Jeunes_Story_ABYSSES_0,274,2ef8c95a,
en,line:0cbc834,"Bulle : S'il te plait parle français, afin qu'on puisse communiquer.",Assets/Babbles/YarnSpinner/Français/YarnPackJeunes.yarn,Jeunes_Story_ABYSSES_0,275,26a683fd,
en,line:026e5e4,Astère,Assets/Babbles/YarnSpinner/Français/YarnPackJeunes.yarn,Jeunes_Story_ABYSSES_0,276,b4dab2da,
en,line:09e3ba4,"Astère : Mec on comprend rien à c'que tu dis, franchement parle pas merci.",Assets/Babbles/YarnSpinner/Français/YarnPackJeunes.yarn,Jeunes_Story_ABYSSES_0,277,32c82f1c,
en,line:0b21c77,Astère : Même moi on m'comprend mieux alors qu'ma bouche est collée à ce neuneu.,Assets/Babbles/YarnSpinner/Français/YarnPackJeunes.yarn,Jeunes_Story_ABYSSES_0,278,5055a609,
en,line:0abef4d,"Gumpy : La morale de tout ça les gars, c'est qu'on est pas banals.",Assets/Babbles/YarnSpinner/Français/YarnPackJeunes.yarn,Jeunes_Story_ABYSSES_0,279,d1c4bc9f,
en,line:0b96667,"Gumpy : Y'a Bulle et sa banane, c'est spécial, Astère qui nous met tous à terre.",Assets/Babbles/YarnSpinner/Français/YarnPackJeunes.yarn,Jeunes_Story_ABYSSES_0,280,2da646a4,
en,line:09bdf8a,Gumpy : Abl et Dum des sirènes trop sentimentales et moi Gumpy j'suis trop vénale.,Assets/Babbles/YarnSpinner/Français/YarnPackJeunes.yarn,Jeunes_Story_ABYSSES_0,281,e75844a7,
en,line:00b22ee,"Ablette : On est des malades, on est l'échouade.",Assets/Babbles/YarnSpinner/Français/YarnPackJeunes.yarn,Jeunes_Story_ABYSSES_0,282,976cbc78,
en,line:06aa41f,Ablette : <size=800%>BAM !</size=800%>,Assets/Babbles/YarnSpinner/Français/YarnPackJeunes.yarn,Jeunes_Story_ABYSSES_0,283,2041c62b,
en,line:0e538e4,"Ablette : Trop forte <color=""purple"">Gumpy</color>.",Assets/Babbles/YarnSpinner/Français/YarnPackJeunes.yarn,Jeunes_Story_ABYSSES_0,285,c50b4a45,
en,line:0038454,"Gumpy : Wah merci Bulle, ça va beaucoup mieux. Ça fait du bien de se défouler sur quelqu'un.",Assets/Babbles/YarnSpinner/Français/YarnPackJeunes.yarn,Jeunes_Story_ABYSSES_0,286,416b14c0,
en,line:0341e43,"Ablette : Avec les mots, avec les mots...",Assets/Babbles/YarnSpinner/Français/YarnPackJeunes.yarn,Jeunes_Story_ABYSSES_0,288,2591b78d,
en,line:0ea0ddb,"Gumpy : Hé <color=""purple"">Astère</color>, t'es trop chaude meuf, on se refait ça quand tu veux !",Assets/Babbles/YarnSpinner/Français/YarnPackJeunes.yarn,Jeunes_Story_ABYSSES_0,290,466da4fa,
en,line:0f9be24,Bulle : Non j'ai d'autres choses à faire là...,Assets/Babbles/YarnSpinner/Français/YarnPackJeunes.yarn,Jeunes_Story_ABYSSES_0,291,950f02f6,
en,line:01b6a0b,Ablette : Dommage...Reviens nous voir si jamais t'as envie mon p'tit pote.,Assets/Babbles/YarnSpinner/Français/YarnPackJeunes.yarn,Jeunes_Story_ABYSSES_0,292,f9f81ab2,
en,line:027e00b,Ablette : Je sais pas.,Assets/Babbles/YarnSpinner/Français/YarnPackJeunes.yarn,Jeunes_Story_ABYSSES_1,303,b0992e88,
en,line:03cc176,"Ablette : Bulle, j'ai eu une idée.",Assets/Babbles/YarnSpinner/Français/YarnPackJeunes.yarn,Jeunes_Story_ABYSSES_1,304,852cc216,
en,line:032fa1e,Astère : Encore une battle de rap ? Let's goooo.,Assets/Babbles/YarnSpinner/Français/YarnPackJeunes.yarn,Jeunes_Story_ABYSSES_1,305,a1d2410a,
en,line:0aa4c5d,"Ablette : Non, non, en découvrant les <color=#48BC0D>abysses</color> en profondeur, j'ai r'marqué que les gens sont trop <cspace=-0.1em>proches</cspace=-0.1em>.",Assets/Babbles/YarnSpinner/Français/YarnPackJeunes.yarn,Jeunes_Story_ABYSSES_1,306,44b79923,
en,line:079a54b,Ablette : On dirait un gang géant de poissons moches.,Assets/Babbles/YarnSpinner/Français/YarnPackJeunes.yarn,Jeunes_Story_ABYSSES_1,307,a5a999c4,
en,line:0083fa8,"Gumpy : Je suis sûre que leur chef c'est <color=""purple"">Crokmoche</color> là. Ce mec est trop cheum c'est pas possible.",Assets/Babbles/YarnSpinner/Français/YarnPackJeunes.yarn,Jeunes_Story_ABYSSES_1,308,3a2f07e7,
en,line:095a90c,Dumbo : n]k@’,Assets/Babbles/YarnSpinner/Français/YarnPackJeunes.yarn,Jeunes_Story_ABYSSES_1,310,6b6aa341,
en,line:05deb22,"Ablette : Bref, je me suis dis, pourquoi pas faire un gang de poissons sans parents ?",Assets/Babbles/YarnSpinner/Français/YarnPackJeunes.yarn,Jeunes_Story_ABYSSES_1,312,28673d76,
en,line:04cd5e4,"Ablette : On trouve un coin tranquille rien qu'à nous, on trouve des gens comme nous et on les aide !",Assets/Babbles/YarnSpinner/Français/YarnPackJeunes.yarn,Jeunes_Story_ABYSSES_1,313,779d096d,
en,line:09ce778,Bulle : C'est le rêve !! Je peux venir même si j'ai des parents ?,Assets/Babbles/YarnSpinner/Français/YarnPackJeunes.yarn,Jeunes_Story_ABYSSES_1,315,82a81a19,
en,line:0299b8f,"Gumpy : Bah non, t'as pas compris le principe ou quoi ?",Assets/Babbles/YarnSpinner/Français/YarnPackJeunes.yarn,Jeunes_Story_ABYSSES_1,317,41d63248,
en,line:0f6ca2a,"Ablette : Mais siiii t'inquiètes mon p'tit pote, là c'est toi qui a abandonné tes parents.",Assets/Babbles/YarnSpinner/Français/YarnPackJeunes.yarn,Jeunes_Story_ABYSSES_1,318,6a1b1d78,
en,line:0a0e963,"Ablette : Tant qu'il y a ""abandonné"" et ""parents"" dans ton histoire, tu peux faire partie du gang.",Assets/Babbles/YarnSpinner/Français/YarnPackJeunes.yarn,Jeunes_Story_ABYSSES_1,320,bb0a755f,
en,line:05f2aab,"Gumpy : T'façon, avant faut qu'on quitte cet endroit pour en trouver un cool.",Assets/Babbles/YarnSpinner/Français/YarnPackJeunes.yarn,Jeunes_Story_ABYSSES_1,321,4a8b4bdf,
en,line:08d3da3,"Ablette : Ouais, t'as raison <color=""purple"">Gumpy</color>. On va y aller mon p'tit pote. Bonne chance, on s'reverra bientôt !",Assets/Babbles/YarnSpinner/Français/YarnPackJeunes.yarn,Jeunes_Story_ABYSSES_1,323,a326717d,
en,line:0f3f752,Ablette : Mon p'tit pote ! J'savais que t'allais pas résister à l'appel du skate-bulle.,Assets/Babbles/YarnSpinner/Français/YarnPackJeunes.yarn,Jeunes_Quete_Intro,330,e4db1a4a,
en,line:079a0a9,Ablette : Mais avant faut qu'on les retrouve. Tu veux nous aider ?,Assets/Babbles/YarnSpinner/Français/YarnPackJeunes.yarn,Jeunes_Quete_Intro,331,e33b22f5,
en,line:0f3a88e,Ablette : Le crouton te connais pas ça va être easy.,Assets/Babbles/YarnSpinner/Français/YarnPackJeunes.yarn,Jeunes_Quete_Intro,332,bfa3925c,
en,line:1f172cd,"Bulle  : Non, débrouillez vous tous seul, j'men fous de vos skates je sais pas quoi.",Assets/Babbles/YarnSpinner/Français/YarnPackJeunes.yarn,Jeunes_Quete_Intro,333,100b9b5f,
en,line:0e11460,Gumpy : Pourquoi tu viens nous parler alors ? T'es vraiment un boloss.,Assets/Babbles/YarnSpinner/Français/YarnPackJeunes.yarn,Jeunes_Quete_Intro,335,a8419a60,
en,line:0d536c5,"Bulle : Pourquoi pas, mais j'ai quoi en échange ?",Assets/Babbles/YarnSpinner/Français/YarnPackJeunes.yarn,Jeunes_Quete_Intro,337,5cb47241,
en,line:0a1625a,Ablette : Mec tu pourra entrer dans notre gang.,Assets/Babbles/YarnSpinner/Français/YarnPackJeunes.yarn,Jeunes_Quete_Intro,338,2859950e,
en,line:06b4616,Bulle : Marché conclu !,Assets/Babbles/YarnSpinner/Français/YarnPackJeunes.yarn,Jeunes_Quete_Intro,340,50ac69d9,
en,line:06d9841,"Ablette : Ce que t'as à faire c'est hyper simple, va causer au vieux et essaie de le convaincre de nous rendre nos skates.",Assets/Babbles/YarnSpinner/Français/YarnPackJeunes.yarn,Jeunes_Quete_Intro,342,1dd2dd02,
en,line:0eb433f,Bulle : Mais comment je fais s'il veut pas ?,Assets/Babbles/YarnSpinner/Français/YarnPackJeunes.yarn,Jeunes_Quete_Intro,343,4577308a,
en,line:074a78a,Ablette : Débrouille toi mon p'tit pote.,Assets/Babbles/YarnSpinner/Français/YarnPackJeunes.yarn,Jeunes_Quete_Intro,344,0f491536,
en,line:0a60815,Bulle : Oui trop !!!,Assets/Babbles/YarnSpinner/Français/YarnPackJeunes.yarn,Jeunes_Quete_Intro,345,fa93c423,
en,line:0a6f686,"Gumpy : Hahaha la victime, le mec il arrive et il devient direct notre esclave.",Assets/Babbles/YarnSpinner/Français/YarnPackJeunes.yarn,Jeunes_Quete_Intro,346,27867a98,
en,line:06718ca,"Ablette : L'écoute pas mon p'tit pote, elle est tout le temps comme ça.",Assets/Babbles/YarnSpinner/Français/YarnPackJeunes.yarn,Jeunes_Quete_Intro,348,6b2a281a,
en,line:0c45801,"Ablette : Ce que t'as à faire c'est hyper simple, va causer au vieux et essaie de le convaincre de nous rendre nos skates.",Assets/Babbles/YarnSpinner/Français/YarnPackJeunes.yarn,Jeunes_Quete_Intro,350,1dd2dd02,
en,line:0834a4f,Bulle : Mais comment je fais s'il veut pas ?,Assets/Babbles/YarnSpinner/Français/YarnPackJeunes.yarn,Jeunes_Quete_Intro,351,4577308a,
en,line:034da1b,Ablette : Débrouille toi mon p'tit pote.,Assets/Babbles/YarnSpinner/Français/YarnPackJeunes.yarn,Jeunes_Quete_Intro,352,0f491536,
en,line:0f90451,"Ablette: What's that thing? You've really never seen a skate-bulle before, dude. ",Assets/Babbles/YarnSpinner/Français/YarnPackJeunes.yarn,Jeunes_Quete_Bad,358,fc3ced1c,
en,line:0d2e25f,"Ablette: You need to go to <color=""purple"">Napoleon</color> to get 'em. ",Assets/Babbles/YarnSpinner/Français/YarnPackJeunes.yarn,Jeunes_Quete_Bad,359,95819360,
en,line:0052b5c,Gumpy: Hurry up and go before it's me who goes there!,Assets/Babbles/YarnSpinner/Français/YarnPackJeunes.yarn,Jeunes_Quete_Bad,360,2657be74,
en,line:08d1bd8,"Ablette : Yo whaddup, doh?",Assets/Babbles/YarnSpinner/Français/YarnPackJeunes.yarn,Jeunes_Quete_Before,370,1953fe36,
en,line:0805059,Gumpy: It's our skate-bulles in his ugly bag there??,Assets/Babbles/YarnSpinner/Français/YarnPackJeunes.yarn,Jeunes_Quete_Before,373,ef53cb7c,
en,line:04f8543,Dumbo : sHls,Assets/Babbles/YarnSpinner/Français/YarnPackJeunes.yarn,Jeunes_Quete_Before,377,2e2d4d13,
en,line:08695b2,"Ablette: Man, don't know you but I respect you sooo much.",Assets/Babbles/YarnSpinner/Français/YarnPackJeunes.yarn,Jeunes_Quete_Before,380,4919ae8b,
en,line:0c13a9e,Bulle: These are yours?,Assets/Babbles/YarnSpinner/Français/YarnPackJeunes.yarn,Jeunes_Quete_Before,381,93a7ea23,
en,line:05514ac,"Gumpy: Yeah, you better give them to use before I punch you.",Assets/Babbles/YarnSpinner/Français/YarnPackJeunes.yarn,Jeunes_Quete_Before,383,d3224535,
en,line:0fb49bd,"Ablette: Gumpy, calm down. We can give you something for it if you want. ",Assets/Babbles/YarnSpinner/Français/YarnPackJeunes.yarn,Jeunes_Quete_Before,386,8fe6a88a,
en,line:0af176a,Bulle: Cooolll! ,Assets/Babbles/YarnSpinner/Français/YarnPackJeunes.yarn,Jeunes_Quete_Before,389,7f3b3dd7,
en,line:0220796,"Ablette: Here, take this. We're <color=green>not very proficient</color> at making stuff so maybe you can do something with that <color=green>sweet recipe</green>.",Assets/Babbles/YarnSpinner/Français/YarnPackJeunes.yarn,Jeunes_Quete_Before,393,ad741330,
en,line:0be4dd5,Bulle : Thanks!,Assets/Babbles/YarnSpinner/Français/YarnPackJeunes.yarn,Jeunes_Quete_Before,395,fcae2f29,
en,line:0184664,"Ablette : Dude, did you succeed? Man, what are you?",Assets/Babbles/YarnSpinner/Français/YarnPackJeunes.yarn,Jeunes_Quete_Good,404,adf00c70,
en,line:0fd302a,Ablette : Welcome to our gang!! ,Assets/Babbles/YarnSpinner/Français/YarnPackJeunes.yarn,Jeunes_Quete_Good,407,d3bd61db,
en,line:0d5d11d,Bulle: Yeah I know I'm too <b>good</b>!,Assets/Babbles/YarnSpinner/Français/YarnPackJeunes.yarn,Jeunes_Quete_Good,409,7fa3b176,
en,line:0ae1c31,"Gumpy: Don't get too excited either man, you're nobody in our gang!",Assets/Babbles/YarnSpinner/Français/YarnPackJeunes.yarn,Jeunes_Quete_Good,412,a2b51545,
en,line:0fe8b3e,"Gumpy: I'm the official bodyguard of<color=""purple"">Ablette</color>.",Assets/Babbles/YarnSpinner/Français/YarnPackJeunes.yarn,Jeunes_Quete_Good,413,8a15b7d1,
en,line:06fba2c,Dumbo : s+g>,Assets/Babbles/YarnSpinner/Français/YarnPackJeunes.yarn,Jeunes_Quete_Good,416,7a4864c4,
en,line:0873332,"Ablette: Dumbo don't say that lmao, well thanks Bulle. ",Assets/Babbles/YarnSpinner/Français/YarnPackJeunes.yarn,Jeunes_Quete_Good,419,424257a0,
en,line:09abbfb,"Ablette: Here, take this. We're <color=green>not very proficient</color> at making stuff so maybe you can do something with that <color=green>agreeable recipe</green>.",Assets/Babbles/YarnSpinner/Français/YarnPackJeunes.yarn,Jeunes_Quete_Good,420,ad741330,
en,line:0bc8061,Bulle : Thanks friends! ,Assets/Babbles/YarnSpinner/Français/YarnPackJeunes.yarn,Jeunes_Quete_Good,423,16d53310,
en,line:06dd8c5,"Ablette: Dude, did you get a map to find our skates??? ",Assets/Babbles/YarnSpinner/Français/YarnPackJeunes.yarn,Jeunes_Map_True,436,470edf47,
en,line:0fc1e15,Gumpy : You're powerful dude.,Assets/Babbles/YarnSpinner/Français/YarnPackJeunes.yarn,Jeunes_Map_True,439,895068ed,
en,line:065e306,Dumbo : sHls,Assets/Babbles/YarnSpinner/Français/YarnPackJeunes.yarn,Jeunes_Map_True,442,2e2d4d13,
en,line:0e03744,Ablette: Good luck finding them dude.,Assets/Babbles/YarnSpinner/Français/YarnPackJeunes.yarn,Jeunes_Map_True,444,1826ce04,
en,line:0f7bf02,Ablette: You still didn't talk to the old fart? ,Assets/Babbles/YarnSpinner/Français/YarnPackJeunes.yarn,Jeunes_Map_False,454,81a5489e,
en,line:03e7cd5,"Gumpy: Hurry up, we aint got all year.",Assets/Babbles/YarnSpinner/Français/YarnPackJeunes.yarn,Jeunes_Map_False,457,5acfd261,
en,line:05cabb0,"Ablette: You still didn't find our skates, lil buddy?  ",Assets/Babbles/YarnSpinner/Français/YarnPackJeunes.yarn,Jeunes_Skate_False,467,0ba8319e,
en,line:0913c1e,"Gumpy: Hurry up, we aint got all year. ",Assets/Babbles/YarnSpinner/Français/YarnPackJeunes.yarn,Jeunes_Skate_False,470,5acfd261,
en,line:0a22ca4,"Ablette : Wesh Bulle t'es sérieux ? On est pas des victimes nous, tu nous traites pas comme ça.",Assets/Babbles/YarnSpinner/Français/YarnPackJeunes.yarn,Jeunes_SeumExplo,477,7b52d954,
en,line:0301bba,"Gumpy : J'vais lui régler son compte <color=""purple"">Ablette</color>, laisse moi y aller meuf.",Assets/Babbles/YarnSpinner/Français/YarnPackJeunes.yarn,Jeunes_SeumExplo,478,b05673b9,
en,line:0fd5240,Dumbo : ntÜrù°,Assets/Babbles/YarnSpinner/Français/YarnPackJeunes.yarn,Jeunes_SeumExplo,480,ebe6d247,
en,line:0dd6e1b,Ablette : <size=700%>Calmez vous !!!</size=700%>,Assets/Babbles/YarnSpinner/Français/YarnPackJeunes.yarn,Jeunes_SeumExplo,482,c2f3a3ee,
en,line:052f1cc,Ablette : Souvenez-vous de ce qu'on s'était dit ?,Assets/Babbles/YarnSpinner/Français/YarnPackJeunes.yarn,Jeunes_SeumExplo,483,0d03e446,
en,line:036ed6c,"Ablette : On règle les problèmes avec le rap, pas avec la frappe.",Assets/Babbles/YarnSpinner/Français/YarnPackJeunes.yarn,Jeunes_SeumExplo,484,1f8422f5,
en,line:0b1c1d5,"Gumpy : T'as trop raison, j'vais aller écrire un p'tit freestyle pour déverser ma haine.",Assets/Babbles/YarnSpinner/Français/YarnPackJeunes.yarn,Jeunes_SeumExplo,485,d106959c,
en,line:0a2d579,Dumbo : ùùùù,Assets/Babbles/YarnSpinner/Français/YarnPackJeunes.yarn,Jeunes_SeumExplo,487,717e7732,
en,line:076fb90,Ablette : Regarde c'que je dois faire à cause de toi.,Assets/Babbles/YarnSpinner/Français/YarnPackJeunes.yarn,Jeunes_SeumExplo,489,0a2598ed,
en,line:010021f,Bulle : C'est vous qui vous énervez pour rien !,Assets/Babbles/YarnSpinner/Français/YarnPackJeunes.yarn,Jeunes_SeumExplo,490,cf971ec0,
en,line:06221fa,Astère : <i>Oh le culot !</i>,Assets/Babbles/YarnSpinner/Français/YarnPackJeunes.yarn,Jeunes_SeumExplo,491,6cdf963c,
en,line:0c8d82d,Ablette : Tu critiques encore une fois un membre de mon gang et t'es <b>BANNI</b>  !!,Assets/Babbles/YarnSpinner/Français/YarnPackJeunes.yarn,Jeunes_SeumExplo,492,8b1e0d4b,
en,line:07c7599,Ablette : Lâche nous les nageoires maintenant.,Assets/Babbles/YarnSpinner/Français/YarnPackJeunes.yarn,Jeunes_SeumExplo,493,4f19df50,
en,line:0517e36,Bulle : <size=60%>Salut les amis...</size=60%>,Assets/Babbles/YarnSpinner/Français/YarnPackJeunes.yarn,Jeunes_SeumExcuse,502,f2480ab1,
en,line:0be5293,Gumpy : Qu'est ce qu'il fout là lui ?,Assets/Babbles/YarnSpinner/Français/YarnPackJeunes.yarn,Jeunes_SeumExcuse,503,c18d7166,
en,line:0044448,Dumbo : z!]-,Assets/Babbles/YarnSpinner/Français/YarnPackJeunes.yarn,Jeunes_SeumExcuse,505,b8996b09,
en,line:0d2aec4,"Ablette : Laissez le parler, il s'est peut être calmé.",Assets/Babbles/YarnSpinner/Français/YarnPackJeunes.yarn,Jeunes_SeumExcuse,507,92130db8,
en,line:0a126dd,Bulle : <size=60%>Ouais...Pardon je me suis trop énervé...J'ai pas l'habitude d'être avec des jeunes.</size=60%>,Assets/Babbles/YarnSpinner/Français/YarnPackJeunes.yarn,Jeunes_SeumExcuse,508,006eb50f,
en,line:0d1510a,Ablette : Faut que t'apprenne les codes de la street si tu veux en faire partie.,Assets/Babbles/YarnSpinner/Français/YarnPackJeunes.yarn,Jeunes_SeumExcuse,509,bb06a60f,
en,line:0daa0d3,Ablette : On est pas tes vieux nous.,Assets/Babbles/YarnSpinner/Français/YarnPackJeunes.yarn,Jeunes_SeumExcuse,510,e58f3c4a,
en,line:017fbc8,"Gumpy : Tu nous respecte et on te respecte, c'est facile à comprendre non ?",Assets/Babbles/YarnSpinner/Français/YarnPackJeunes.yarn,Jeunes_SeumExcuse,511,7b5150a7,
en,line:0ab74ab,"Bulle : C'est clair comme de l'eau de roche. Je suis désolé les amis, j'aime bien être avec vous.",Assets/Babbles/YarnSpinner/Français/YarnPackJeunes.yarn,Jeunes_SeumExcuse,513,e0f34dde,
en,line:048872f,"Ablette : Au nom de l'échecouade, je te pardonne mon p'tit pote.",Assets/Babbles/YarnSpinner/Français/YarnPackJeunes.yarn,Jeunes_SeumExcuse,515,ea31100a,
en,line:0fdc5d9,Ablette : Me parle plus.,Assets/Babbles/YarnSpinner/Français/YarnPackJeunes.yarn,Jeunes_SeumSalute,521,d1d16653,
en,line:0ce0704,Bulle : Toi me parle plus.,Assets/Babbles/YarnSpinner/Français/YarnPackJeunes.yarn,Jeunes_SeumSalute,523,7d600665,
en,line:059ff4e,Ablette : Je t'ai dit de plus me parler. Reviens quand tu sera plus un boloss plein de seum.,Assets/Babbles/YarnSpinner/Français/YarnPackJeunes.yarn,Jeunes_SeumSalute,524,b40bf245,
en,line:074f73e,Bulle : Mais c'est toi qui me parle !,Assets/Babbles/YarnSpinner/Français/YarnPackJeunes.yarn,Jeunes_SeumSalute,525,7df96c33,
en,line:0f6c728,Ablette : Wassup Bulle?,Assets/Babbles/YarnSpinner/Français/YarnPackJeunes.yarn,Jeunes_Salute,533,0105a0aa,
en,line:0a3cf8b,Dumbo : ghg,Assets/Babbles/YarnSpinner/Français/YarnPackJeunes.yarn,Jeunes_Salute,538,74723c73,
en,line:0458c5d,Ablette : Heyooooo dude!,Assets/Babbles/YarnSpinner/Français/YarnPackJeunes.yarn,Jeunes_Salute,543,cb220774,
en,line:0d6ab86,Gumpy : What do you want man? You want me to blow you up like a bubble?,Assets/Babbles/YarnSpinner/Français/YarnPackJeunes.yarn,Jeunes_Salute,547,1d1a6d3c,
en,line:080fe09,"Ablette : See that time your dad was not a loser, but a mega-stylish double agent spy?",Assets/Babbles/YarnSpinner/Français/YarnPackJeunes.yarn,Jeunes_Salute,550,54a64d37,
en,line:040d248,Bulle : No?,Assets/Babbles/YarnSpinner/Français/YarnPackJeunes.yarn,Jeunes_Salute,551,7ce546d1,
en,line:02cbc8a,"Ablette : Well, neither do I, dude. I don't even have a father lol.",Assets/Babbles/YarnSpinner/Français/YarnPackJeunes.yarn,Jeunes_Salute,553,99f9052a,
en,line:031a82d,"Gumpy : I'm so angry, Imma break something.",Assets/Babbles/YarnSpinner/Français/YarnPackJeunes.yarn,Jeunes_Salute,557,99ebf4e3,
en,line:0e412e3,"Ablette : Uh dude, I like you and all but you don't have to stick with us all day. ",Assets/Babbles/YarnSpinner/Français/YarnPackJeunes.yarn,Jeunes_Aurevoir,567,757f26f0,
en,line:0d2dc46,"Ablette : Can you leave so we can talk? We're not talking about you, no worries.",Assets/Babbles/YarnSpinner/Français/YarnPackJeunes.yarn,Jeunes_Aurevoir,571,a7155a83,
en,line:02ec2de,"Gumpy : Seeay Bulle, we have to bail, bail.",Assets/Babbles/YarnSpinner/Français/YarnPackJeunes.yarn,Jeunes_Aurevoir,575,7dfcd16e,
en,line:0d27ae6,Dumbo : grehrf,Assets/Babbles/YarnSpinner/Français/YarnPackJeunes.yarn,Jeunes_Aurevoir,580,453b0b67,
en,line:075ec5a,"Ablette : Thank you dude, the great chief Ablette is honored by this offering. ",Assets/Babbles/YarnSpinner/Français/YarnPackJeunes.yarn,Jeunes_Receive,589,2ec82100,
en,line:0a9a446,"Gumpy : Woah Bulle, this is the first time I don't feel like hitting you. That's a sick thing you have going on. ",Assets/Babbles/YarnSpinner/Français/YarnPackJeunes.yarn,Jeunes_Receive_Like,597,594cf849,
en,line:01426fe,"Ablette : Hey thanks, it's always nice to have small gifts like that. Like we're bff or something.",Assets/Babbles/YarnSpinner/Français/YarnPackJeunes.yarn,Jeunes_Receive_Like,601,894c4936,
en,line:08d6a94,Dumbo : [nomarkup] h[s [/nomarkup],Assets/Babbles/YarnSpinner/Français/YarnPackJeunes.yarn,Jeunes_Receive_Like,605,ea1c8421,
en,line:0d18879," Ablette : I know we look like we're in a pinch, but that's no reason to give us something so lame.",Assets/Babbles/YarnSpinner/Français/YarnPackJeunes.yarn,Jeunes_Receive_Dislike,614,cfdac69d,
en,line:09204a1,"Gumpy : I'm going to hit you, what's this thing?",Assets/Babbles/YarnSpinner/Français/YarnPackJeunes.yarn,Jeunes_Receive_Dislike,618,25c42f05,
en,line:07a773c,Dumbo : [nomarkup] Ñ?‘]n [/nomarkup],Assets/Babbles/YarnSpinner/Français/YarnPackJeunes.yarn,Jeunes_Receive_Dislike,623,54a691de,
en,line:05f65df,Ablette : ROFL goog thing you don't understand what he's saying...,Assets/Babbles/YarnSpinner/Français/YarnPackJeunes.yarn,Jeunes_Receive_Dislike,625,e4c62510,
en,line:038904b,Ablette: Thannnks! With this we will instantly rush B!,Assets/Babbles/YarnSpinner/Français/YarnPackJeunes.yarn,Jeunes_Receive_Grenade,633,5df00a84,
en,line:0688293,Ablette: <size=70%>You know the sauce?<size=70%>,Assets/Babbles/YarnSpinner/Français/YarnPackJeunes.yarn,Jeunes_Receive_Grenade,637,d6dda5d4,
en,line:0d11241,Ablette : What!! Is this a <color=\#FFC300>Propeller Hat</color> ?,Assets/Babbles/YarnSpinner/Français/YarnPackJeunes.yarn,Jeunes_Receive_ChapeauHelice,642,262405ba,
en,line:096e257,"Ablette : We knew the recipe to make some but we are too bad in DIY, every time we made beannies.",Assets/Babbles/YarnSpinner/Français/YarnPackJeunes.yarn,Jeunes_Receive_ChapeauHelice,643,edbeaf28,
en,line:00a0a31,"Ablette : That's why we wear them... Thanks Bulle, you are the best.",Assets/Babbles/YarnSpinner/Français/YarnPackJeunes.yarn,Jeunes_Receive_ChapeauHelice,645,e01fb2be,
en,line:0489775,Ablette: LMAO it looks like Napoléon with that rotten surimi face!,Assets/Babbles/YarnSpinner/Français/YarnPackJeunes.yarn,Jeunes_Receive_Poulpe,652,e3f69984,
en,line:0164b3d,Gumpy: Not your best punchline...,Assets/Babbles/YarnSpinner/Français/YarnPackJeunes.yarn,Jeunes_Receive_Poulpe,654,dae0d627,
en,line:00bbcbf,Ablette : You thought we were homeless?,Assets/Babbles/YarnSpinner/Français/YarnPackJeunes.yarn,Jeunes_Receive_Campement,660,f11bb74e,
en,line:0c76b53,"Bulle : Where do you live, then?",Assets/Babbles/YarnSpinner/Français/YarnPackJeunes.yarn,Jeunes_Receive_Campement,662,9b294e2d,
en,line:0714092,Gumpy : It aint obvious? We live here.,Assets/Babbles/YarnSpinner/Français/YarnPackJeunes.yarn,Jeunes_Receive_Campement,664,be0d27fb,
en,line:0bad5e3,Astère : <i>So they are indeed homeless...</i>,Assets/Babbles/YarnSpinner/Français/YarnPackJeunes.yarn,Jeunes_Receive_Campement,666,e94d5bf0,
en,line:0daecb2,"Ablette : Wow daaammmnnnn! Tonight, Sushi!!!! What are your favorites?",Assets/Babbles/YarnSpinner/Français/YarnPackJeunes.yarn,Jeunes_Receive_Sushi,672,159f770b,
en,line:0ed5e53,Gumpy : It's those made with the tears of our enemies.,Assets/Babbles/YarnSpinner/Français/YarnPackJeunes.yarn,Jeunes_Receive_Sushi,675,0783e527,
en,line:0bfcfc5,"Ablette : Wooooh Gumpy always clashing someone, aint she.",Assets/Babbles/YarnSpinner/Français/YarnPackJeunes.yarn,Jeunes_Receive_Sushi,678,b6c5cd6c,
en,line:0d07fc3,"Ablette : Thanks Bulle, I love apples.",Assets/Babbles/YarnSpinner/Français/YarnPackJeunes.yarn,Jeunes_Receive_Fruit,685,51ce138f,
en,line:05a343a,Bulle : Eh... It's a banana...,Assets/Babbles/YarnSpinner/Français/YarnPackJeunes.yarn,Jeunes_Receive_Fruit,687,68ee5bbc,
en,line:0b0083e,"Gumpy : Dude, it's the same thing.",Assets/Babbles/YarnSpinner/Français/YarnPackJeunes.yarn,Jeunes_Receive_Fruit,689,8.56E+06,
en,line:019bc65,"Ablette : Yeah, it's a fruit. You're dumb.",Assets/Babbles/YarnSpinner/Français/YarnPackJeunes.yarn,Jeunes_Receive_Fruit,692,cff0e7b7,
en,line:06934dc,Ablette : Uh what's that thing?,Assets/Babbles/YarnSpinner/Français/YarnPackJeunes.yarn,Jeunes_Receive_Fastfood,698,5eb5efbb,
en,line:07a079a,Gumpy : For how much you eat it Dumbo?,Assets/Babbles/YarnSpinner/Français/YarnPackJeunes.yarn,Jeunes_Receive_Fastfood,700,983690ea,
en,line:0e9c89e,Dumbo : frrds,Assets/Babbles/YarnSpinner/Français/YarnPackJeunes.yarn,Jeunes_Receive_Fastfood,704,8c922e25,
en,line:0769d07,Gumpy : Bet.,Assets/Babbles/YarnSpinner/Français/YarnPackJeunes.yarn,Jeunes_Receive_Fastfood,707,bd7de98c,
en,line:0af967d,Dumbo : ferm,Assets/Babbles/YarnSpinner/Français/YarnPackJeunes.yarn,Jeunes_Receive_Fastfood,709,51843294,
en,line:09237ef,Gumpy : Same!!!,Assets/Babbles/YarnSpinner/Français/YarnPackJeunes.yarn,Jeunes_Receive_Fastfood,711,1f4ff019,
en,line:0c816f2,Dumbo : eddj,Assets/Babbles/YarnSpinner/Français/YarnPackJeunes.yarn,Jeunes_Receive_Fastfood,714,9f7cb767,
en,line:0df35ef,Ablette : Duuuuddeeee!!! You're crazy!,Assets/Babbles/YarnSpinner/Français/YarnPackJeunes.yarn,Jeunes_Receive_Canette,722,1d5eb951,
en,line:06ec0a5,Ablette : Where did you nick that?,Assets/Babbles/YarnSpinner/Français/YarnPackJeunes.yarn,Jeunes_Receive_Canette,723,68e31650,
en,line:0683d8a,Bulle : Well... On the ground.,Assets/Babbles/YarnSpinner/Français/YarnPackJeunes.yarn,Jeunes_Receive_Canette,725,9befb650,
en,line:0344473,Gumpy : It's Red Shark ??,Assets/Babbles/YarnSpinner/Français/YarnPackJeunes.yarn,Jeunes_Receive_Canette,726,214ecc79,
en,line:0a9aff5,Dumbo : [nomarkup] h[s [/nomarkup],Assets/Babbles/YarnSpinner/Français/YarnPackJeunes.yarn,Jeunes_Receive_Canette,729,ea1c8421,
en,line:019f19e,"Ablette : Thanks lil buddy, we never tasted it! ",Assets/Babbles/YarnSpinner/Français/YarnPackJeunes.yarn,Jeunes_Receive_Canette,733,1aaafd3f,
en,line:0ffc8cd,Ablette : It's forbidden to minors!!!,Assets/Babbles/YarnSpinner/Français/YarnPackJeunes.yarn,Jeunes_Receive_Canette,735,5e80b5c9,
en,line:088b5c3,"Ablette : Woah pal, should've told us you were a hobo, we'd have taken you in.",Assets/Babbles/YarnSpinner/Français/YarnPackJeunes.yarn,Jeunes_Wake,743,5f257b6e,
en,line:0c6c82e,Bulle : No I was just doing camping!,Assets/Babbles/YarnSpinner/Français/YarnPackJeunes.yarn,Jeunes_Wake,744,75993901,
en,line:03edd96,"Ablette : No probs, we were like you before.",Assets/Babbles/YarnSpinner/Français/YarnPackJeunes.yarn,Jeunes_Wake,745,149644c5,
en,line:0d18cd4,"Gumpy : Woooa <color=""purple"">Ablette</color>, an abandoned tent, let's clear it, no cap.",Assets/Babbles/YarnSpinner/Français/YarnPackJeunes.yarn,Jeunes_Wake,749,6308d3de,
en,line:0db6d6c,"Ablette : Let's go, it's been a while since last time.",Assets/Babbles/YarnSpinner/Français/YarnPackJeunes.yarn,Jeunes_Wake,750,49e9d045,
en,line:05d6461,"Bulle : <size=50%>Uh, I'm in the tent...</size=50%>",Assets/Babbles/YarnSpinner/Français/YarnPackJeunes.yarn,Jeunes_Wake,751,79002593,
en,line:09e6921,"Ablette : Oh you're here, buddy...Have a nice day haha.",Assets/Babbles/YarnSpinner/Français/YarnPackJeunes.yarn,Jeunes_Wake,752,38adf6d1,
en,line:39e6921,Ablette : What's up dude? ,Assets/Babbles/YarnSpinner/Français/YarnPackJeunes.yarn,Jeunes_Option,766,1d7d6f02,
en,line:0a03d3f,Give an item,Assets/Babbles/YarnSpinner/Français/YarnPackJeunes.yarn,Jeunes_Option,768,cea726ac,
en,line:038a065,Ablette: Oh my god free food! ,Assets/Babbles/YarnSpinner/Français/YarnPackJeunes.yarn,Jeunes_Option,771,8aa4e3c0,
en,line:00f9511,"Gumpy : Don't give us too much stuff, your parents will think we're mugging you.",Assets/Babbles/YarnSpinner/Français/YarnPackJeunes.yarn,Jeunes_Option,777,c4918cfa,
en,line:089b5ab,Talk,Assets/Babbles/YarnSpinner/Français/YarnPackJeunes.yarn,Jeunes_Option,782,e2b603b0,
en,line:0b2b80d,Leave,Assets/Babbles/YarnSpinner/Français/YarnPackJeunes.yarn,Jeunes_Option,785,4974161d,
en,line:35d6461,Gumpy : Whaddaya want? ,Assets/Babbles/YarnSpinner/Français/YarnPackJeunes.yarn,Jeunes_Option_2,797,ca266367,
en,line:0172b09,Give an item,Assets/Babbles/YarnSpinner/Français/YarnPackJeunes.yarn,Jeunes_Option_2,798,cea726ac,
en,line:04d99f5,Talk,Assets/Babbles/YarnSpinner/Français/YarnPackJeunes.yarn,Jeunes_Option_2,801,e2b603b0,
en,line:0b94cbd,Leave,Assets/Babbles/YarnSpinner/Français/YarnPackJeunes.yarn,Jeunes_Option_2,804,4974161d,
en,line:0903144,Gumpy : Whaddaya want?,Assets/Babbles/YarnSpinner/Français/YarnPackJeunes.yarn,Jeunes_Option_3,813,ca266367,
en,line:0502896,Give an item,Assets/Babbles/YarnSpinner/Français/YarnPackJeunes.yarn,Jeunes_Option_3,814,cea726ac,
en,line:0b8490c,Talk,Assets/Babbles/YarnSpinner/Français/YarnPackJeunes.yarn,Jeunes_Option_3,817,e2b603b0,
en,line:079d80c,Leave,Assets/Babbles/YarnSpinner/Français/YarnPackJeunes.yarn,Jeunes_Option_3,820,4974161d,
en,line:049bd00,"Ablette : You know, lil buddy, I only tell my secrets to my greatest friends.",Assets/Babbles/YarnSpinner/Français/YarnPackJeunes.yarn,Jeunes_NeedNewInteraction,828,9c503b45,
en,line:0e923d8,Ablette : And for now... We're not close enough. ,Assets/Babbles/YarnSpinner/Français/YarnPackJeunes.yarn,Jeunes_NeedNewInteraction,829,605a6a53,
en,line:0ea213e,"Ablette : Lil buddy, can you leave us alone for a bit?",Assets/Babbles/YarnSpinner/Français/YarnPackJeunes.yarn,Jeunes_NeedNewLocation,834,6d0500f8,
en,line:06dd20d,Ablette : We need to go to the shrimp fes'.,Assets/Babbles/YarnSpinner/Français/YarnPackJeunes.yarn,Jeunes_NeedNewLocation,835,4700ad1c,
en,line:0cb3494,"Gumpy : Yeah, we have a showcase planned in the abysses.",Assets/Babbles/YarnSpinner/Français/YarnPackJeunes.yarn,Jeunes_NeedNewLocation,836,f547f7ac,
en,line:0a59589,"Ablette : Weshhhhh, t'es qui toi ? Qu'est-ce que tu fous ici ?",Assets/Babbles/YarnSpinner/Français/YarnPackJeunes.yarn,Jeunes_Intro_EPAVE_Cut,844,785a4077,
en,line:06ecec5,Bulle : Je m'appelle Bulle...<size=60%>et euh je visite le coin...</size=60%>,Assets/Babbles/YarnSpinner/Français/YarnPackJeunes.yarn,Jeunes_Intro_EPAVE_Cut,845,45ae3435,
en,line:06a363e,Ablette : M D R  mais y'a rien à visiter ici.,Assets/Babbles/YarnSpinner/Français/YarnPackJeunes.yarn,Jeunes_Intro_EPAVE_Cut,847,edde8546,
en,line:04d03e4,Bulle : <size=60%>Je connais pas trop l'océan...</size=60%>,Assets/Babbles/YarnSpinner/Français/YarnPackJeunes.yarn,Jeunes_Intro_EPAVE_Cut,849,f85f1a5a,
en,line:01b715c,Ablette : T'inquiètes c'est pas grave mon p'tit pote. Nous aussi on a connu la galère.,Assets/Babbles/YarnSpinner/Français/YarnPackJeunes.yarn,Jeunes_Intro_EPAVE_Cut,850,8b36c5c1,
en,line:0cc7757,"Ablette : J'mappelle <color=""purple"">Ablette</color>, j'suis la cheffe du gang le plus redouté de l'océan :",Assets/Babbles/YarnSpinner/Français/YarnPackJeunes.yarn,Jeunes_Intro_EPAVE_Cut,852,e1331522,
en,line:0488b57,Ablette : <size=600%><b>L'ECHECOUADE DE LA MOOOOOORT !</b><size=600%>,Assets/Babbles/YarnSpinner/Français/YarnPackJeunes.yarn,Jeunes_Intro_EPAVE_Cut,854,35412800,
en,line:0eef252,"Ablette : Eux c'est potos sûrs, <color=""purple"">Gumpy</color> ma garde du corps et <color=""purple"">Dumbo</color> mon frère.",Assets/Babbles/YarnSpinner/Français/YarnPackJeunes.yarn,Jeunes_Intro_EPAVE_Cut,855,81c23463,
en,line:0131ecb,"Gumpy : Yo mon gars, j'sais pas ce que tu fous ici mais t'as pas intérêt à nous chercher.",Assets/Babbles/YarnSpinner/Français/YarnPackJeunes.yarn,Jeunes_Intro_EPAVE_Cut,857,bf719551,
en,line:055b8db,Dumbo : [nomarkup] hs[ [/nomarkup],Assets/Babbles/YarnSpinner/Français/YarnPackJeunes.yarn,Jeunes_Intro_EPAVE_Cut,859,7d38e5b5,
en,line:030c83d,"Ablette : Calme <color=""purple"">Gumpy</color>, calme, t'as vu comment il est tendu ?",Assets/Babbles/YarnSpinner/Français/YarnPackJeunes.yarn,Jeunes_Intro_EPAVE_Cut,861,fcf84446,
en,line:0636a58,"Ablette : Relax mon p'tit pote, viens faire du skate-bulle avec nous, ça ira mieux.",Assets/Babbles/YarnSpinner/Français/YarnPackJeunes.yarn,Jeunes_Intro_EPAVE_Cut,862,f00468a7,
en,line:13321b2,Bulle  : Ça a l'air trop nul votre truc...,Assets/Babbles/YarnSpinner/Français/YarnPackJeunes.yarn,Jeunes_Intro_EPAVE_Cut,863,caae02c9,
en,line:0b45e13,Ablette : Eh mais mon p'tit pote on s'connait même pas et tu critiques déjà ?,Assets/Babbles/YarnSpinner/Français/YarnPackJeunes.yarn,Jeunes_Intro_EPAVE_Cut,864,c9db51e4,
en,line:0799301,Gumpy : Fais gaffe à ce que tu dis.,Assets/Babbles/YarnSpinner/Français/YarnPackJeunes.yarn,Jeunes_Intro_EPAVE_Cut,865,c1079862,
en,line:070af11,"Bulle : Ah ouais, j'aime trop le skate-bulle en plus.",Assets/Babbles/YarnSpinner/Français/YarnPackJeunes.yarn,Jeunes_Intro_EPAVE_Cut,866,490c121a,
en,line:0e5d9c2,"Ablette : J'te crois pas mon p'tit pote, vu ta tête t'as jamais côtoyé la vraie rue. Mais bon t'inquiètes on va t'apprendre.",Assets/Babbles/YarnSpinner/Français/YarnPackJeunes.yarn,Jeunes_Intro_EPAVE_Cut,867,a9c59b37,
en,line:08b62ac,Bulle : C'est quoi ?,Assets/Babbles/YarnSpinner/Français/YarnPackJeunes.yarn,Jeunes_Intro_EPAVE_Cut,868,64873f2f,
en,line:0553875,Ablette : MDR t'es un boloss.,Assets/Babbles/YarnSpinner/Français/YarnPackJeunes.yarn,Jeunes_Intro_EPAVE_Cut,869,84293479,
en,line:0dc922f,Ablette : Le skate-bulle c'est la vie.,Assets/Babbles/YarnSpinner/Français/YarnPackJeunes.yarn,Jeunes_Intro_EPAVE_Cut,871,00c3cad4,
en,line:07d5572,"Gumpy : De toute façon on a plus nos skates...ce vieux schnok de <color=""purple"">Napoléon</color> nous les a pris.",Assets/Babbles/YarnSpinner/Français/YarnPackJeunes.yarn,Jeunes_Intro_EPAVE_Cut,873,95bdba1c,
en,line:05f2a76,Gumpy : J'ai envie d'le frapper ce boug. Il se prend pour qui ????,Assets/Babbles/YarnSpinner/Français/YarnPackJeunes.yarn,Jeunes_Intro_EPAVE_Cut,874,12c2f6ce,
en,line:0074a3f,"Bulle : C'est qui <color=""purple"">Napoléon</color> ?",Assets/Babbles/YarnSpinner/Français/YarnPackJeunes.yarn,Jeunes_Intro_EPAVE_Cut,876,189f6985,
en,line:0881128,Gumpy : C'est un co...,Assets/Babbles/YarnSpinner/Français/YarnPackJeunes.yarn,Jeunes_Intro_EPAVE_Cut,877,6562b4f1,
en,line:0e8baff,Astère : Quillage !!!,Assets/Babbles/YarnSpinner/Français/YarnPackJeunes.yarn,Jeunes_Intro_EPAVE_Cut,878,4d951a27,
en,line:0c57c0e,"Ablette : Oh calme toi <color=""purple"">Gumpy</color>, on est en mode OKLM là.",Assets/Babbles/YarnSpinner/Français/YarnPackJeunes.yarn,Jeunes_Intro_EPAVE_Cut,879,5aa5abe6,
en,line:0749ecf,"Gumpy : <color=""purple"">Dumbo</color> aussi est vener...",Assets/Babbles/YarnSpinner/Français/YarnPackJeunes.yarn,Jeunes_Intro_EPAVE_Cut,880,87ba11cd,
en,line:040f406,"Ablette : <color=""purple"">Dumbo</color> ça vaut pour toi aussi.",Assets/Babbles/YarnSpinner/Français/YarnPackJeunes.yarn,Jeunes_Intro_EPAVE_Cut,881,15b8e3b1,
en,line:01a1a22,Dumbo : [nomarkup] fn]c [/nomarkup],Assets/Babbles/YarnSpinner/Français/YarnPackJeunes.yarn,Jeunes_Intro_EPAVE_Cut,883,7c313aca,
en,line:0187de8,"Ablette : Bref, <color=""purple"">Napoléon</color> c'est un vieux pirate qui squatte <color=#48BC0D>l'épave</color>.",Assets/Babbles/YarnSpinner/Français/YarnPackJeunes.yarn,Jeunes_Intro_EPAVE_Cut,885,a7d8dceb,
en,line:06f8aa5,Ablette : Il a pas autre chose à faire de sa vie genre pirater ??,Assets/Babbles/YarnSpinner/Français/YarnPackJeunes.yarn,Jeunes_Intro_EPAVE_Cut,886,2decedd3,
en,line:04a2f4b,Ablette : Bon mon p'tit pote on doit aller chiller un peu là. Ces deux-là vont péter un plomb bientôt.,Assets/Babbles/YarnSpinner/Français/YarnPackJeunes.yarn,Jeunes_Intro_EPAVE_Cut,887,1ad21a6e,
en,line:03b2a86,Ablette : Mais hésite pas à venir nous parler si t'as envie de faire du skate-bulle.,Assets/Babbles/YarnSpinner/Français/YarnPackJeunes.yarn,Jeunes_Intro_EPAVE_Cut,888,ec9a91dc,
en,line:06bcc72,"Napoleon :  Yarr another sailor, set sail landlubber! Ye shall not pass!",Assets/Babbles/YarnSpinner/Français/YarnPackForet.yarn,Napoleon_Intro_EPAVE,16,7015a761,
en,line:052228a,Bulle : Who are you?,Assets/Babbles/YarnSpinner/Français/YarnPackForet.yarn,Napoleon_Intro_EPAVE,18,d6c34714,
en,line:021ff15,Bulle : Who the hell are you?,Assets/Babbles/YarnSpinner/Français/YarnPackForet.yarn,Napoleon_Intro_EPAVE,19,c9b940e2,
en,line:03dbecd,Napoleon : Glad ye asked! Today's lass are no longer interested in thar ancestors!,Assets/Babbles/YarnSpinner/Français/YarnPackForet.yarn,Napoleon_Intro_EPAVE,21,1fab75a7,
en,line:00006b8,Bulle : You octopus face!,Assets/Babbles/YarnSpinner/Français/YarnPackForet.yarn,Napoleon_Intro_EPAVE,23,92939fc4,
en,line:030e981,"Bulle : Your octopus face is really scary, but I'll go through anyway!",Assets/Babbles/YarnSpinner/Français/YarnPackForet.yarn,Napoleon_Intro_EPAVE,24,5a117463,
en,line:0c04d7d,Napoleon : Yo oh oh. Ye'll dance with Jack Ketch.,Assets/Babbles/YarnSpinner/Français/YarnPackForet.yarn,Napoleon_Intro_EPAVE,26,e39967ec,
en,line:23521b2,Bulle : You're beautiful!,Assets/Babbles/YarnSpinner/Français/YarnPackForet.yarn,Napoleon_Intro_EPAVE,28,a005d3d6,
en,line:08afece,"Bulle : Wow, this is the first time I see a real octopus! It's so beautiful! ",Assets/Babbles/YarnSpinner/Français/YarnPackForet.yarn,Napoleon_Intro_EPAVE,29,f89081ec,
en,line:01b2cd2,"Napoleon : Don't mess wit' me...Me know son of a biscuit eater like ye, ye compliment me 'n then ye break me pots!!!!!",Assets/Babbles/YarnSpinner/Français/YarnPackForet.yarn,Napoleon_Intro_EPAVE,32,0c49f5fd,
en,line:055c1d5,"Napoleon : Me Napoleon, the most powerful pirate in the <color=\#48BC0D>forest</color>! ",Assets/Babbles/YarnSpinner/Français/YarnPackForet.yarn,Napoleon_Intro_EPAVE,37,2ee230a1,
en,line:0ad4d9b,"Napoleon : Now get out o' here, me don't 'ave time t' speak wit' landlubber like ye!",Assets/Babbles/YarnSpinner/Français/YarnPackForet.yarn,Napoleon_Intro_EPAVE,41,4726d1cb,
en,line:0388112,Bulle : But I want my friends' skate-bulle back!,Assets/Babbles/YarnSpinner/Français/YarnPackForet.yarn,Napoleon_Intro_EPAVE,44,4edef46c,
en,line:090d242,"Napoleon : Gadzooks! Ye know these bilge-sucking rascals! Go, go far away from here, scoundrel! ",Assets/Babbles/YarnSpinner/Français/YarnPackForet.yarn,Napoleon_Intro_EPAVE,47,ec2249ec,
en,line:0ea357a,Napoleon : Only a real pirate can read the map to find 'em arrrghhh.,Assets/Babbles/YarnSpinner/Français/YarnPackForet.yarn,Napoleon_Intro_EPAVE,48,ca36b953,
en,line:00c9d5d,Bulle : I'm a real pirate! Give me the map!,Assets/Babbles/YarnSpinner/Français/YarnPackForet.yarn,Napoleon_Intro_EPAVE,51,403b8fb0,
en,line:017e038,"Napoleon : Aye, aye, ye'll ne'er understand this map anyway.",Assets/Babbles/YarnSpinner/Français/YarnPackForet.yarn,Napoleon_Intro_EPAVE,53,4fc3c717,
en,line:0e841a0,"Napoleon : It's almost time to gobble something, if it could get me some peace and quiet I would well eat one of these youngsters...",Assets/Babbles/YarnSpinner/Français/YarnPackForet.yarn,Napoleon_Salute,72,de3d3b5f,
en,line:044fe83,Napoleon : Your face reminds me of something... You remind me of my Liline...,Assets/Babbles/YarnSpinner/Français/YarnPackForet.yarn,Napoleon_Salute,74,0e1117f9,
en,line:0c95b43,"Napoleon : Grrrrrrr, another pain to pain me down.",Assets/Babbles/YarnSpinner/Français/YarnPackForet.yarn,Napoleon_Salute,77,227f9b57,
en,line:0852bb8,"Napoleon : Leave me alone, I have to go to my pottery class.",Assets/Babbles/YarnSpinner/Français/YarnPackForet.yarn,Napoleon_Aurevoir,85,5c88dd8c,
en,line:013e039,"Napoleon : Time to set sail, landlubber!",Assets/Babbles/YarnSpinner/Français/YarnPackForet.yarn,Napoleon_Aurevoir,87,43cc7cd6,
en,line:0b90a5a,"Napoleon : My favorite TV show is about to start, sally forth! And faster than that!",Assets/Babbles/YarnSpinner/Français/YarnPackForet.yarn,Napoleon_Aurevoir,89,947cd6a8,
en,line:05d4573,"Napoleon : Yarrrrr this hus looks comfortable, reminds me of the hut I used to sleep in before finding my tub.",Assets/Babbles/YarnSpinner/Français/YarnPackForet.yarn,Napoleon_Wake,97,fd237cbe,
en,line:0e1b818,"Astère : Bulle, we should pack up before getting our <color=#FFC300>tent</color> stolen.",Assets/Babbles/YarnSpinner/Français/YarnPackForet.yarn,Napoleon_Wake,98,22776aca,
en,line:0f0b42f,Napoleon : <size=400%>ACTION STATIONS! NO QUARTER FOR THE YOUNGLINGS!</size>,Assets/Babbles/YarnSpinner/Français/YarnPackForet.yarn,Napoleon_Wake,100,0cf6401f,
en,line:0ccba78,Napoleon : <size=100%>IT'S NOT YOUR TERRITORY HERE!</size>,Assets/Babbles/YarnSpinner/Français/YarnPackForet.yarn,Napoleon_Wake,101,3355a2f9,
en,line:0beec3a,Bulle : I got it! I got it! I'm leaving!!!,Assets/Babbles/YarnSpinner/Français/YarnPackForet.yarn,Napoleon_Wake,102,00e96bc1,
en,line:0f286fe,"Napoleon : Darrrr, kid, you look like a sailor who just got his boat sacked.",Assets/Babbles/YarnSpinner/Français/YarnPackForet.yarn,Napoleon_Seum,110,b457f27e,
en,line:04c5c35,"Napoleon : When I'm like that, a good grub and I'm back to boarding again.",Assets/Babbles/YarnSpinner/Français/YarnPackForet.yarn,Napoleon_Seum,111,9cc2382a,
en,line:0cd650d,Napoleon : Thundering typhoons!,Assets/Babbles/YarnSpinner/Français/YarnPackForet.yarn,Napoleon_PasParleJeunes,119,174b2ad2,
en,line:0fdb9d6,"Napoleon : Another youngster, go join your dirty friends before I eat you alive, miscreant!",Assets/Babbles/YarnSpinner/Français/YarnPackForet.yarn,Napoleon_PasParleJeunes,120,58ba1489,
en,line:03ccc47,"Napoleon : Yarrrr, you found those damn skates. But don't rejoice, it doesn't make you a pirate.",Assets/Babbles/YarnSpinner/Français/YarnPackForet.yarn,Napoleon_Quete_Good,128,73d6d5f9,
en,line:0f14a08,"Napoleon : Now get out of my sight, sailor!",Assets/Babbles/YarnSpinner/Français/YarnPackForet.yarn,Napoleon_Quete_Good,130,b7de9907,
en,line:01b3bc1,"Napoleon : Sprog, now that ye've got the map, ye're on yer own. Ye don't stand a chance, you bilge rat.",Assets/Babbles/YarnSpinner/Français/YarnPackForet.yarn,Napoleon_Quete_Bad,137,988a4179,
en,line:001a261,"Napoleon : Yarrrr, how'd you found those damn skates?",Assets/Babbles/YarnSpinner/Français/YarnPackForet.yarn,Napoleon_Quete_Before,147,5deaeb7b,
en,line:0e4d19a,"Bulle : I was just taking a stroll, and that's it!",Assets/Babbles/YarnSpinner/Français/YarnPackForet.yarn,Napoleon_Quete_Before,148,4b3f4465,
en,line:0324b12,"Napoleon : Oooooor, who do you think your are? Get out of my sight, freshwater fish!",Assets/Babbles/YarnSpinner/Français/YarnPackForet.yarn,Napoleon_Quete_Before,149,d5d9972d,
en,line:0d6ba9d,"Urfe : Little fishhhhhh, want sooooome candy?",Assets/Babbles/YarnSpinner/Français/YarnPackForet.yarn,Urfe_Intro_FORET,162,5270a7c2,
en,line:0d9d063,Bulle : Uh...who are you?,Assets/Babbles/YarnSpinner/Français/YarnPackForet.yarn,Urfe_Intro_FORET,166,2ee752f1,
en,line:02ea346,"Urfe : Me? I'm Urfe, the overwater diver from the <color=\#48BC0D>uuunderwateeeer forest</color>.",Assets/Babbles/YarnSpinner/Français/YarnPackForet.yarn,Urfe_Intro_FORET,169,65193c59,
en,line:07a3cd2,Bulle : What's an overwater diver?,Assets/Babbles/YarnSpinner/Français/YarnPackForet.yarn,Urfe_Intro_FORET,173,ee64de87,
en,line:0f39b29,Urfe : Loooook abooooove yooooou little fish.,Assets/Babbles/YarnSpinner/Français/YarnPackForet.yarn,Urfe_Intro_FORET,176,217b8044,
en,line:015504d,"Urfe : Beyoooond wateeeerr, there's earth!",Assets/Babbles/YarnSpinner/Français/YarnPackForet.yarn,Urfe_Intro_FORET,177,1a5b4fbd,
en,line:0443c76,"Urfe : And on earth, there are what we call: humans!",Assets/Babbles/YarnSpinner/Français/YarnPackForet.yarn,Urfe_Intro_FORET,179,3e3ec9c5,
en,line:0784c00,"Bulle : Wooaaaaaah, I want to go there so bad.",Assets/Babbles/YarnSpinner/Français/YarnPackForet.yarn,Urfe_Intro_FORET,183,b26c83ee,
en,line:07962c7,"Urfe : You're still toooo small, smaaaall fish, to go there. But you can heeeelp me if you waaaant.",Assets/Babbles/YarnSpinner/Français/YarnPackForet.yarn,Urfe_Intro_FORET,186,5da0f131,
en,line:096b5b6,Urfe : I need 10 000 <color=\#FFC300>batteries</color> and 10 000 <color=\#FFC300>cans</color> for a delivery!,Assets/Babbles/YarnSpinner/Français/YarnPackForet.yarn,Urfe_Intro_FORET,188,c35fa0cc,
en,line:05a1e24,Urfe : Chillax! I already have 9 999 <color=\#FFC300>batteries</color> and 9 999 <color=\#FFC300>cans</color>.,Assets/Babbles/YarnSpinner/Français/YarnPackForet.yarn,Urfe_Intro_FORET,190,61fe236c,
en,line:0c0ebfb,Urfe : You just need to bring me 1 of each doudouuuu.,Assets/Babbles/YarnSpinner/Français/YarnPackForet.yarn,Urfe_Intro_FORET,191,a975f481,
en,line:0104551,Urfe : If you bring these back to me I can give you something.,Assets/Babbles/YarnSpinner/Français/YarnPackForet.yarn,Urfe_Intro_FORET,193,0aaffaa3,
en,line:02212df,Urfe : Ooooooooh thank you a lot little fish.,Assets/Babbles/YarnSpinner/Français/YarnPackForet.yarn,Urfe_Receive_Canette,206,cefee87d,
en,line:0a6712d,Urfe : Did you know a can is a small glaaaaass or metaaaaal containeeeeeer that holds a driiiiink that you can take aaaaaway or driiiiiink?,Assets/Babbles/YarnSpinner/Français/YarnPackForet.yarn,Urfe_Receive_Canette,208,9e8ae447,
en,line:0f0fc07,Urfe : Ooooooooh thank you little fiiiiiish.,Assets/Babbles/YarnSpinner/Français/YarnPackForet.yarn,Urfe_Receive_Pile,219,cefee87d,
en,line:026eb81,Urfe : Did you know a baaaaaaattery is an electrochemicaaaaaaaaal device that produuuuuces electriiiiicity by converting cheeeeemical energy intooooo electrical energyu through an oxyyyydation-reduction reaction?,Assets/Babbles/YarnSpinner/Français/YarnPackForet.yarn,Urfe_Receive_Pile,221,e1010237,
en,line:0a602a5,Astère : <i>I didn't get it.</i>,Assets/Babbles/YarnSpinner/Français/YarnPackForet.yarn,Urfe_Receive_Pile,223,47faa18c,
en,line:029f8f4,Bulle : Me neither,Assets/Babbles/YarnSpinner/Français/YarnPackForet.yarn,Urfe_Receive_Pile,224,ca0175b0,
en,line:0d20735,Urfe : Thank you for this oooooobject but it's neither a <color=#FFC300>battery</color> nor a <color=#FFC300>can</color> doudouuuuuuu.,Assets/Babbles/YarnSpinner/Français/YarnPackForet.yarn,Urfe_Receive,232,67173bc1,
en,line:06c656b,"Urfe : You're on the right path doudou, but this object is a transformed product!",Assets/Babbles/YarnSpinner/Français/YarnPackForet.yarn,Urfe_Receive_Grenade,241,9d9878b7,
en,line:0fb8901,"Urfe : I want some pure stuff, get it?",Assets/Babbles/YarnSpinner/Français/YarnPackForet.yarn,Urfe_Receive_Grenade,242,0e82e196,
en,line:0b0a5e3,Urfe : Did you know that humans are afraid of jellyfishes?,Assets/Babbles/YarnSpinner/Français/YarnPackForet.yarn,Urfe_Receive_Meduse,251,b319b801,
en,line:0f6d12e,"Urfe : If I give this to them, they'll ban me from their group...",Assets/Babbles/YarnSpinner/Français/YarnPackForet.yarn,Urfe_Receive_Meduse,252,53cd34e0,
en,line:0605e7b,"Urfe : Doudou, I only need a <color=#FFC300>can</color> now!",Assets/Babbles/YarnSpinner/Français/YarnPackForet.yarn,Urfe_Option,263,688547ff,
en,line:0f8cf05,Give,Assets/Babbles/YarnSpinner/Français/YarnPackForet.yarn,Urfe_Option,264,a343c892,
en,line:0cd4c13,Leave,Assets/Babbles/YarnSpinner/Français/YarnPackForet.yarn,Urfe_Option,267,4974161d,
en,line:0afd095,Urfe : I only need you to bring me a <color=#FFC300>battery</color> now doudou!,Assets/Babbles/YarnSpinner/Français/YarnPackForet.yarn,Urfe_Option,272,6843c412,
en,line:0f55109,Give,Assets/Babbles/YarnSpinner/Français/YarnPackForet.yarn,Urfe_Option,273,a343c892,
en,line:0d68d74,Leave,Assets/Babbles/YarnSpinner/Français/YarnPackForet.yarn,Urfe_Option,276,4974161d,
en,line:31e2c1d,"Urfe : Little fiiiiiiiish, do you have my <color=#FFC300>battery</color> and my <color=#FFC300>can</color>?",Assets/Babbles/YarnSpinner/Français/YarnPackForet.yarn,Urfe_Option,283,bcd77170,
en,line:080e409,Give,Assets/Babbles/YarnSpinner/Français/YarnPackForet.yarn,Urfe_Option,285,a343c892,
en,line:0a77e38,Leave,Assets/Babbles/YarnSpinner/Français/YarnPackForet.yarn,Urfe_Option,288,4974161d,
en,line:0b2c217,Urfe : Hey doudou.,Assets/Babbles/YarnSpinner/Français/YarnPackForet.yarn,Urfe_Salute,309,ce2dc143,
en,line:0ebdfd0,Urfe : Hey doudou.,Assets/Babbles/YarnSpinner/Français/YarnPackForet.yarn,Urfe_Salute2,325,ce2dc143,
en,line:0f4dd16,Urfe : OooooOOooo hey doudou. Do you need some infoooooormatiooooon?,Assets/Babbles/YarnSpinner/Français/YarnPackForet.yarn,Urfe_Vision,332,9c8ca146,
en,line:04046fc,Bulle : Yes.,Assets/Babbles/YarnSpinner/Français/YarnPackForet.yarn,Urfe_Vision,334,c7c15bf4,
en,line:04d0a9d,Urfe : Giiiiive me an object theeeeen.,Assets/Babbles/YarnSpinner/Français/YarnPackForet.yarn,Urfe_Vision,336,e4383e29,
en,line:0334c3f,Bulle : Other,Assets/Babbles/YarnSpinner/Français/YarnPackForet.yarn,Urfe_Vision,338,acaea722,
en,line:071fd46,Bulle : <color=#FFC300>Battery</color>,Assets/Babbles/YarnSpinner/Français/YarnPackForet.yarn,Urfe_Vision,339,5e46a368,
en,line:0cdc67e,Urfe : 4 great destinies! Which do you desire?,Assets/Babbles/YarnSpinner/Français/YarnPackForet.yarn,Urfe_Vision,341,8e221ca4,
en,line:03ea298,Light,Assets/Babbles/YarnSpinner/Français/YarnPackForet.yarn,Urfe_Vision,342,77809629,
en,line:04dc7c4,Bulle : Light (flower lightbulb),Assets/Babbles/YarnSpinner/Français/YarnPackForet.yarn,Urfe_Vision,344,edac7a6c,
en,line:05807fe,"Urfe : With flowers, no reason to cower, let the light guiding your heart empower you.",Assets/Babbles/YarnSpinner/Français/YarnPackForet.yarn,Urfe_Vision,346,2d7518ca,
en,line:0708153,Vision,Assets/Babbles/YarnSpinner/Français/YarnPackForet.yarn,Urfe_Vision,347,c587c260,
en,line:047370a,Bulle : Vision (octopus vision),Assets/Babbles/YarnSpinner/Français/YarnPackForet.yarn,Urfe_Vision,349,b46dc2bb,
en,line:0759681,"Urfe : Don't confuse octopus and platypus, one shows you the path, the other the bath.",Assets/Babbles/YarnSpinner/Français/YarnPackForet.yarn,Urfe_Vision,351,bbde8e22,
en,line:0137adc,Party,Assets/Babbles/YarnSpinner/Français/YarnPackForet.yarn,Urfe_Vision,352,20b9d0ba,
en,line:032ccfa,Bulle : Party (disco jellyfish),Assets/Babbles/YarnSpinner/Français/YarnPackForet.yarn,Urfe_Vision,354,c029b030,
en,line:0e93cf1,"Urfe : Here's a trick to catch jellyfishes, they also conduce swag, they abuse it.",Assets/Babbles/YarnSpinner/Français/YarnPackForet.yarn,Urfe_Vision,356,e2805a10,
en,line:06e04ce,Blur,Assets/Babbles/YarnSpinner/Français/YarnPackForet.yarn,Urfe_Vision,357,9c51b7ea,
en,line:0516359,Bulle : Blur (jammer),Assets/Babbles/YarnSpinner/Français/YarnPackForet.yarn,Urfe_Vision,359,fadc91e8,
en,line:0b40af6,"Urfe : To jam tracks, put a can somewhere out of track.",Assets/Babbles/YarnSpinner/Français/YarnPackForet.yarn,Urfe_Vision,361,e42ff55c,
en,line:040ef41,Bulle : <color=#FFC300>Can</color>,Assets/Babbles/YarnSpinner/Français/YarnPackForet.yarn,Urfe_Vision,362,c1211c6d,
en,line:09b9439,Urfe : 4 great destinies! Which do you desire?,Assets/Babbles/YarnSpinner/Français/YarnPackForet.yarn,Urfe_Vision,364,ed180f32,
en,line:03fa792,Bounce,Assets/Babbles/YarnSpinner/Français/YarnPackForet.yarn,Urfe_Vision,365,21107048,
en,line:0c68fbd,Bulle : Bounce (pillow jellyfish),Assets/Babbles/YarnSpinner/Français/YarnPackForet.yarn,Urfe_Vision,367,99e20579,
en,line:08799f4,Urfe : I accuse jellyfishes of making excuses not to bounce for their own amusement.,Assets/Babbles/YarnSpinner/Français/YarnPackForet.yarn,Urfe_Vision,369,dfb7d74b,
en,line:02fc834,Style,Assets/Babbles/YarnSpinner/Français/YarnPackForet.yarn,Urfe_Vision,370,7e744141,
en,line:0bc7526,Bulle : Style (cap),Assets/Babbles/YarnSpinner/Français/YarnPackForet.yarn,Urfe_Vision,372,0bff1dbd,
en,line:09cd95b,Urfe : Algae to brave the waves?,Assets/Babbles/YarnSpinner/Français/YarnPackForet.yarn,Urfe_Vision,374,7b540014,
en,line:04c15d0,Explosion,Assets/Babbles/YarnSpinner/Français/YarnPackForet.yarn,Urfe_Vision,375,ca6482a4,
en,line:05b602d,Bulle : Explosion (grenade),Assets/Babbles/YarnSpinner/Français/YarnPackForet.yarn,Urfe_Vision,377,159baaf3,
en,line:0a6798b,"Urfe : Flowers are orange, cans are blue, all of that to say, don't set it on fire.",Assets/Babbles/YarnSpinner/Français/YarnPackForet.yarn,Urfe_Vision,379,b5355ee2,
en,line:057b731,Blur,Assets/Babbles/YarnSpinner/Français/YarnPackForet.yarn,Urfe_Vision,380,9c51b7ea,
en,line:012d352,Bulle : Blur (jammer),Assets/Babbles/YarnSpinner/Français/YarnPackForet.yarn,Urfe_Vision,382,fadc91e8,
en,line:01f42d3,Urfe : You're right on time to play heads or tails! I found this coin in the pile of trash just opposite!,Assets/Babbles/YarnSpinner/Français/YarnPackForet.yarn,Urfe_Vision,384,e3b1f155,
en,line:09a57b7,Bulle : No.,Assets/Babbles/YarnSpinner/Français/YarnPackForet.yarn,Urfe_Vision,385,668ce7a4,
en,line:023f886,Urfe : See you soon doooudoooou.,Assets/Babbles/YarnSpinner/Français/YarnPackForet.yarn,Urfe_Vision,387,d587bf4a,
en,line:0e4f34c,Urfe : OOOoooOoo little fish. I need 10 000 <color=#FFC300>batteries</color> et 10 000 <color=#FFC300>cans</color> for a delivery!,Assets/Babbles/YarnSpinner/Français/YarnPackForet.yarn,Urfe_Quete_POLLUTION,394,0b3da1e2,
en,line:0ee5c49,Urfe : Chillax! I already have 9 999 <color=\#FFC300>batteries</color> and 9 999 <color=\#FFC300>cans</color>. You just need to bring me 1 of each doudouuuu.,Assets/Babbles/YarnSpinner/Français/YarnPackForet.yarn,Urfe_Quete_POLLUTION,395,4a618e2e,
en,line:02d3234,Urfe : If you bring these back to me I can give you something.,Assets/Babbles/YarnSpinner/Français/YarnPackForet.yarn,Urfe_Quete_POLLUTION,396,1f0881e7,
en,line:0c04eea,"Urfe : Doudouuu, at the risk of being cornea, if you have eyesight problems I advise you to go to the ophtalmologist.",Assets/Babbles/YarnSpinner/Français/YarnPackForet.yarn,Urfe_Receive_Dislike,404,e7868c04,
en,line:0a35306,Urfe : I have a brother who loves <color=#FFC300>algae</color> but he got lost in an algae forest.,Assets/Babbles/YarnSpinner/Français/YarnPackForet.yarn,Urfe_Receive_Algue,412,74df5dd6,
en,line:07675f7,Urfe : No one ever found him but at least he's in his element...,Assets/Babbles/YarnSpinner/Français/YarnPackForet.yarn,Urfe_Receive_Algue,413,61cd8ce5,
en,line:039a968,"Urfe :  Perfeeeect doudouuuuu, let me count these.",Assets/Babbles/YarnSpinner/Français/YarnPackForet.yarn,Urfe_Quete_Good,424,29f79047,
en,line:02b9b03,"Urfe : <size=50%>1, 2, 3, 4, 5,...</size=50%>",Assets/Babbles/YarnSpinner/Français/YarnPackForet.yarn,Urfe_Quete_Good,427,3218a157,
en,line:03eadb7,"Urfe : Ohhhh wait little fish, I had to give you something.",Assets/Babbles/YarnSpinner/Français/YarnPackForet.yarn,Urfe_Quete_Good,430,3a9a038a,
en,line:0e99cd1,"Urfe : Hummmm, what do I have in my backpaaaack?",Assets/Babbles/YarnSpinner/Français/YarnPackForet.yarn,Urfe_Quete_Good,431,5c252c8d,
en,line:079b4f1,Urfe : Algae... leaves... filters...,Assets/Babbles/YarnSpinner/Français/YarnPackForet.yarn,Urfe_Quete_Good,432,c63f21b2,
en,line:09aaed0,"Urfe : OOOOH! Here is something you could like, a <color=#FFC300>fruity perfume</color> recipe!",Assets/Babbles/YarnSpinner/Français/YarnPackForet.yarn,Urfe_Quete_Good,435,8.74E+21,
en,line:00e9802,Urfe : See you doudouuuu.,Assets/Babbles/YarnSpinner/Français/YarnPackForet.yarn,Urfe_Quete_Good,437,128af269,
en,line:073a433,"Urfe : <size=50%>6, 7, 8, 9, 10,...</size=50%>",Assets/Babbles/YarnSpinner/Français/YarnPackForet.yarn,Urfe_Quete_POLLUTION_After1,450,642cdb87,
en,line:007bf15,"Urfe : <size=50%>11, 12, 13, 14, 15,...</size=50%>",Assets/Babbles/YarnSpinner/Français/YarnPackForet.yarn,Urfe_Quete_POLLUTION_After2,461,e4edcd16,
en,line:0b8e6b3,"Urfe : <size=50%>16, 17, 18, 19, 20,...</size=50%>",Assets/Babbles/YarnSpinner/Français/YarnPackForet.yarn,Urfe_Quete_POLLUTION_After3,472,46ebf8d5,
en,line:0549f4c,"Urfe : Daaarn, I lost coooount...I'm going to have to start agaaaaain...",Assets/Babbles/YarnSpinner/Français/YarnPackForet.yarn,Urfe_Quete_POLLUTION_After4,484,9dcabd57,
en,line:075edfe,"Urfe : <size=50%>1, 2, 3,...</size=50%>",Assets/Babbles/YarnSpinner/Français/YarnPackForet.yarn,Urfe_Quete_POLLUTION_After4,487,2eeba2ce,
en,line:09117f3,"Urfe : I have some <color=#FFC300>algae</color> buyers who are waiting for me, I have to leave you doudouuuuu.",Assets/Babbles/YarnSpinner/Français/YarnPackForet.yarn,Urfe_Aurevoir,496,b5df159a,
en,line:0e54fd0,Urfe : Humans are waiting for me up theeeeere. See you soooon.,Assets/Babbles/YarnSpinner/Français/YarnPackForet.yarn,Urfe_Aurevoir,498,d650dcb4,
en,line:0731a84,Urfe : Burb? Is it you in this tent?,Assets/Babbles/YarnSpinner/Français/YarnPackForet.yarn,Urfe_Wake,507,e4aee537,
en,line:02e4d59,Astère : <i>This dude is crazy!!! Why is he throwing algae on us???</i>,Assets/Babbles/YarnSpinner/Français/YarnPackForet.yarn,Urfe_Wake,509,b1e2891d,
en,line:0b8ad08,"Urfe : Doooudooou, you're all soft. You neeeed to go get some fresh aaaaair, to be as fresh as theeeeee seaaaaa.",Assets/Babbles/YarnSpinner/Français/YarnPackForet.yarn,Urfe_Seum,517,e46a4b6e,
en,line:0814222,"Sloop : Ohhh, hi boooops!",Assets/Babbles/YarnSpinner/Français/YarnPackForet.yarn,Sloop_Intro_EPAVE,538,44dd2ee5,
en,line:0c54ecc,Bulle : My name's not Boooops...,Assets/Babbles/YarnSpinner/Français/YarnPackForet.yarn,Sloop_Intro_EPAVE,540,18c93e50,
en,line:0ab6a8e,"Sloop : Of course not, I know that very well glooooops. I'm Sloop!",Assets/Babbles/YarnSpinner/Français/YarnPackForet.yarn,Sloop_Intro_EPAVE,542,20dbe0ca,
en,line:00eb758,Bulle : Uh... I'm Bulle.,Assets/Babbles/YarnSpinner/Français/YarnPackForet.yarn,Sloop_Intro_EPAVE,545,7e435163,
en,line:0ca73c0,Sloop : Glad to meet you Bulle woooop!,Assets/Babbles/YarnSpinner/Français/YarnPackForet.yarn,Sloop_Intro_EPAVE,547,8d7ce833,
en,line:0c9252c,Sloop : I just happened to need some help glooop!,Assets/Babbles/YarnSpinner/Français/YarnPackForet.yarn,Sloop_Intro_EPAVE,549,3ecc7005,
en,line:0802ff0,Bulle : What do you need?,Assets/Babbles/YarnSpinner/Français/YarnPackForet.yarn,Sloop_Intro_EPAVE,551,f0d54231,
en,line:0d9d6cf,"Sloop : I'd like to make my own homemade organic farming grenades, but I lost the recipe soooop...",Assets/Babbles/YarnSpinner/Français/YarnPackForet.yarn,Sloop_Intro_EPAVE,553,daf04d31,
en,line:0ae0db2,Sloop : It was in a pollution zone and I was raging too much to go noooop...,Assets/Babbles/YarnSpinner/Français/YarnPackForet.yarn,Sloop_Intro_EPAVE,554,d7f70952,
en,line:0d7784b,"Bulle : I can go get it to you, but what do I get for it?",Assets/Babbles/YarnSpinner/Français/YarnPackForet.yarn,Sloop_Intro_EPAVE,556,f3df7a62,
en,line:01dbb5e,Sloop : With the recipe you will be able ot explode this big rock behind you zoooop.,Assets/Babbles/YarnSpinner/Français/YarnPackForet.yarn,Sloop_Intro_EPAVE,558,c8943b4e,
en,line:0574ef4,Sloop : It blocks a big geyser wooooooop.,Assets/Babbles/YarnSpinner/Français/YarnPackForet.yarn,Sloop_Intro_EPAVE,559,9c480007,
en,line:0bb0d15,Bulle : Deal! How do I get to the pollution zone?,Assets/Babbles/YarnSpinner/Français/YarnPackForet.yarn,Sloop_Intro_EPAVE,562,0faae95f,
en,line:02834a4,Sloop : You just need to go up using the jellyfishes behind me and you'll easily find the crater coooooop.,Assets/Babbles/YarnSpinner/Français/YarnPackForet.yarn,Sloop_Intro_EPAVE,564,c299960a,
en,line:0341196,"Sloop : Ohhh, hi boooops!",Assets/Babbles/YarnSpinner/Français/YarnPackForet.yarn,Sloop_Condition,579,44dd2ee5,
en,line:02f9e80,Bulle : My name's not Boooops...,Assets/Babbles/YarnSpinner/Français/YarnPackForet.yarn,Sloop_Condition,581,18c93e50,
en,line:080572c,"Sloop : Of course not, I know that very well glooooops. I'm Sloop!",Assets/Babbles/YarnSpinner/Français/YarnPackForet.yarn,Sloop_Condition,583,20dbe0ca,
en,line:0a1eb2e,Bulle : Uh... I'm Bulle.,Assets/Babbles/YarnSpinner/Français/YarnPackForet.yarn,Sloop_Condition,586,7e435163,
en,line:0363031,Sloop : Glad to meet you Bulle woooop!,Assets/Babbles/YarnSpinner/Français/YarnPackForet.yarn,Sloop_Condition,588,8d7ce833,
en,line:0181a03,Sloop : I just happened to need some help glooop!,Assets/Babbles/YarnSpinner/Français/YarnPackForet.yarn,Sloop_Condition,590,3ecc7005,
en,line:0846341,Bulle : What do you need?,Assets/Babbles/YarnSpinner/Français/YarnPackForet.yarn,Sloop_Condition,592,f0d54231,
en,line:047bc88,"Sloop : I'd like to make my own homemade organic farming grenades, but I lost the recipe soooop...",Assets/Babbles/YarnSpinner/Français/YarnPackForet.yarn,Sloop_Condition,594,daf04d31,
en,line:07d6332,Sloop : It was in a pollution zone and I was raging too much to go noooop...,Assets/Babbles/YarnSpinner/Français/YarnPackForet.yarn,Sloop_Condition,595,d7f70952,
en,line:07b1405,"Bulle : I can go get it to you, but what do I get for it?",Assets/Babbles/YarnSpinner/Français/YarnPackForet.yarn,Sloop_Condition,597,f3df7a62,
en,line:0fef099,Sloop : With the recipe you will be able ot explode this big rock behind you zoooop.,Assets/Babbles/YarnSpinner/Français/YarnPackForet.yarn,Sloop_Condition,599,c8943b4e,
en,line:09b66c1,Sloop : It blocks a big geyser wooooooop.,Assets/Babbles/YarnSpinner/Français/YarnPackForet.yarn,Sloop_Condition,600,9c480007,
en,line:067b877,Bulle : Ah but I have a grenade on me actually.,Assets/Babbles/YarnSpinner/Français/YarnPackForet.yarn,Sloop_Condition,602,409110df,
en,line:0e666e9,Sloop : But you're an idiot then bloop? Why didn't you explode the stone with it then voooop ?,Assets/Babbles/YarnSpinner/Français/YarnPackForet.yarn,Sloop_Condition,603,15e9bdb0,
en,line:0a17492,Bulle : Well... I don't know. Do you know why you are ugly?,Assets/Babbles/YarnSpinner/Français/YarnPackForet.yarn,Sloop_Condition,605,4c85e295,
en,line:0b86cf4,Sloop : Snoooooof...,Assets/Babbles/YarnSpinner/Français/YarnPackForet.yarn,Sloop_Condition,607,2dd15bd1,
en,line:05f0df5,Sloop : Boop! You like ugly fishes now gloops?,Assets/Babbles/YarnSpinner/Français/YarnPackForet.yarn,Sloop_Quete_GRENADE_No,620,812e6730,
en,line:0a66b53,Bulle : Yes.,Assets/Babbles/YarnSpinner/Français/YarnPackForet.yarn,Sloop_Quete_GRENADE_No,621,c7c15bf4,
en,line:01aafe5,"Bulle : Yes...we can change opinion, right?",Assets/Babbles/YarnSpinner/Français/YarnPackForet.yarn,Sloop_Quete_GRENADE_No,622,d588b9ec,
en,line:03ef369,Sloop : Yooooop It's true!,Assets/Babbles/YarnSpinner/Français/YarnPackForet.yarn,Sloop_Quete_GRENADE_No,624,ee7af0bd,
en,line:0672f25,"Sloop : Then, <color=#229954>grenades</color> can be found in the crater just behind me ploop !",Assets/Babbles/YarnSpinner/Français/YarnPackForet.yarn,Sloop_Quete_GRENADE_No,625,9ffca1c6,
en,line:05510c3,Bulle : No.,Assets/Babbles/YarnSpinner/Français/YarnPackForet.yarn,Sloop_Quete_GRENADE_No,628,668ce7a4,
en,line:046e292,Bulle : Still no hahaha!!!!,Assets/Babbles/YarnSpinner/Français/YarnPackForet.yarn,Sloop_Quete_GRENADE_No,629,f59f7a4f,
en,line:0a93f11,"Sloop : Glooops, I don't care about your opinion anyway. It's not me who needs a <color=#229954>grenade</color> booop.",Assets/Babbles/YarnSpinner/Français/YarnPackForet.yarn,Sloop_Quete_GRENADE_No,631,a0333da6,
en,line:08fa152,Sloop : Boop! It's your last chance plooops!,Assets/Babbles/YarnSpinner/Français/YarnPackForet.yarn,Sloop_Quete_GRENADE_No2,637,6911095d,
en,line:0b9bb60,Sloop : Do.,Assets/Babbles/YarnSpinner/Français/YarnPackForet.yarn,Sloop_Quete_GRENADE_No2,640,d72801e7,
en,line:0fd38e8,Sloop : You.,Assets/Babbles/YarnSpinner/Français/YarnPackForet.yarn,Sloop_Quete_GRENADE_No2,641,83bc3db6,
en,line:0c0c8ac,Sloop : Perhaps.,Assets/Babbles/YarnSpinner/Français/YarnPackForet.yarn,Sloop_Quete_GRENADE_No2,642,42205450,
en,line:099c956,Sloop : Happen.,Assets/Babbles/YarnSpinner/Français/YarnPackForet.yarn,Sloop_Quete_GRENADE_No2,643,3adbdf49,
en,line:02636e3,Sloop : To.,Assets/Babbles/YarnSpinner/Français/YarnPackForet.yarn,Sloop_Quete_GRENADE_No2,644,b86efc39,
en,line:03ea454,Sloop : Like.,Assets/Babbles/YarnSpinner/Français/YarnPackForet.yarn,Sloop_Quete_GRENADE_No2,645,df142ac7,
en,line:09733ba,Sloop : Blob.,Assets/Babbles/YarnSpinner/Français/YarnPackForet.yarn,Sloop_Quete_GRENADE_No2,646,166efdb2,
en,line:0c53166,Sloop : Fishes?,Assets/Babbles/YarnSpinner/Français/YarnPackForet.yarn,Sloop_Quete_GRENADE_No2,647,4624f417,
en,line:030e2cd,Bulle : Yes.,Assets/Babbles/YarnSpinner/Français/YarnPackForet.yarn,Sloop_Quete_GRENADE_No2,650,c7c15bf4,
en,line:0479c9e,"Bulle : Yes, I even love them! They are my favorite kind of fishes...",Assets/Babbles/YarnSpinner/Français/YarnPackForet.yarn,Sloop_Quete_GRENADE_No2,651,da42063b,
en,line:0d32280,"Sloop : Yoooooop, you can do it when you want!",Assets/Babbles/YarnSpinner/Français/YarnPackForet.yarn,Sloop_Quete_GRENADE_No2,653,f008eeeb,
en,line:04288d3,"Sloop : Then, <color=#229954>grenades</color> can be found in the crater just behind me ploop !",Assets/Babbles/YarnSpinner/Français/YarnPackForet.yarn,Sloop_Quete_GRENADE_No2,654,9ffca1c6,
en,line:0d5b400,Bulle : No.,Assets/Babbles/YarnSpinner/Français/YarnPackForet.yarn,Sloop_Quete_GRENADE_No2,657,668ce7a4,
en,line:00b83d3,Bulle : N.O. NO!!!!!!,Assets/Babbles/YarnSpinner/Français/YarnPackForet.yarn,Sloop_Quete_GRENADE_No2,658,f1de5732,
en,line:08fbfc5,Sloop : Rooooooooop! Too bad for you floooop!,Assets/Babbles/YarnSpinner/Français/YarnPackForet.yarn,Sloop_Quete_GRENADE_No2,660,7514b74b,
en,line:049851b,Sloop : I hope my organic grenades business will work...,Assets/Babbles/YarnSpinner/Français/YarnPackForet.yarn,Sloop_Salute,673,1a4de09b,
en,line:0727365,Sloop : I'd love to visit the abysses one day... to meet my kin soooop!,Assets/Babbles/YarnSpinner/Français/YarnPackForet.yarn,Sloop_Salute,676,60004d1b,
en,line:013e8fd,Sloop : Do you think it'll be possible wooooop?,Assets/Babbles/YarnSpinner/Français/YarnPackForet.yarn,Sloop_Salute,677,44ff9adf,
en,line:03175eb,"Astère : <i>If we find someone to fund the game, yes.</i>",Assets/Babbles/YarnSpinner/Français/YarnPackForet.yarn,Sloop_Salute,678,00eed126,
en,line:0120e52,"Sloop : My nose is running, I need to go find some algae to wipe it snooooof.",Assets/Babbles/YarnSpinner/Français/YarnPackForet.yarn,Sloop_Salute,682,42d9c0fb,
en,line:0f3fdf0,Sloop : Did you manage to beat pollution booops?,Assets/Babbles/YarnSpinner/Français/YarnPackForet.yarn,Sloop_Quete_Good,690,f714c872,
en,line:0e4c6b6,"Bulle : Well yeah, I'm a warrior.",Assets/Babbles/YarnSpinner/Français/YarnPackForet.yarn,Sloop_Quete_Good,693,1f604698,
en,line:041713e,"Sloop : Ah, but of course! A burning flower and a can toooop.",Assets/Babbles/YarnSpinner/Français/YarnPackForet.yarn,Sloop_Quete_Good,696,9a91ce9d,
en,line:0edd54b,Sloop : Thanks goooop!,Assets/Babbles/YarnSpinner/Français/YarnPackForet.yarn,Sloop_Quete_Good,697,b61c1b2f,
en,line:0b0b2e0,Sloop : If you want I can give you a burning flower to thank you tooooop!,Assets/Babbles/YarnSpinner/Français/YarnPackForet.yarn,Sloop_Quete_Good,699,48dd3c54,
en,line:0817271,Bulle : Yes please!,Assets/Babbles/YarnSpinner/Français/YarnPackForet.yarn,Sloop_Quete_Good,700,51734550,
en,line:00afacb,"Sloop : But before that, just a question mooooop!",Assets/Babbles/YarnSpinner/Français/YarnPackForet.yarn,Sloop_Quete_Good,701,06f0ff0d,
en,line:0843d5f,Sloop : Do you like blobfishes bloop?,Assets/Babbles/YarnSpinner/Français/YarnPackForet.yarn,Sloop_Quete_Good,702,a35d5bfc,
en,line:094ed20,Bulle : Uuuuh... yes?,Assets/Babbles/YarnSpinner/Français/YarnPackForet.yarn,Sloop_Quete_Good,703,43d5c356,
en,line:0ddcda3,"Sloop : Perfect, then, here is your flower doooop!",Assets/Babbles/YarnSpinner/Français/YarnPackForet.yarn,Sloop_Quete_Good,705,e2ac6606,
en,line:05956ef,"Bulle : No, it's too ugly.",Assets/Babbles/YarnSpinner/Français/YarnPackForet.yarn,Sloop_Quete_Good,708,824445d7,
en,line:03bc418,"Sloop : You do know I'm a blobflish, right cloop?",Assets/Babbles/YarnSpinner/Français/YarnPackForet.yarn,Sloop_Quete_Good,710,155f2ee4,
en,line:03829d7,Bulle : Uh yes of course.,Assets/Babbles/YarnSpinner/Français/YarnPackForet.yarn,Sloop_Quete_Good,712,a538c2c1,
en,line:0c4bd6f,Sloop : So do you like blobfishes xoooop?,Assets/Babbles/YarnSpinner/Français/YarnPackForet.yarn,Sloop_Quete_Good,713,10fa35be,
en,line:09dad92,"Bulle : Uuuuh... yes, I suppose?",Assets/Babbles/YarnSpinner/Français/YarnPackForet.yarn,Sloop_Quete_Good,714,fd1dce6b,
en,line:02f7968,Sloop : Yooooop!,Assets/Babbles/YarnSpinner/Français/YarnPackForet.yarn,Sloop_Quete_Good,716,bedb77cf,
en,line:05365db,"Sloop : Perfect, then, here is your flower doooop!",Assets/Babbles/YarnSpinner/Français/YarnPackForet.yarn,Sloop_Quete_Good,717,e2ac6606,
en,line:0a05d42,"Bulle : Well no, still no...",Assets/Babbles/YarnSpinner/Français/YarnPackForet.yarn,Sloop_Quete_Good,720,932b9b8a,
en,line:08f6434,Sloop : Oooooops... too bad then... no <color=#229954>burning flower</color> for you...,Assets/Babbles/YarnSpinner/Français/YarnPackForet.yarn,Sloop_Quete_Good,722,fabc8c80,
en,line:0645288,"Sloop : Bulle, I have to go to work, see you yooooop!",Assets/Babbles/YarnSpinner/Français/YarnPackForet.yarn,Sloop_Aurevoir,730,4023e22c,
en,line:0625650,Sloop : <size=60%>Oh... but I don't have a work anymore ooooops...</size=60%>,Assets/Babbles/YarnSpinner/Français/YarnPackForet.yarn,Sloop_Aurevoir,732,ed30fdf1,
en,line:06f2bab,"Sloop : My nose is running, I need to go find some algae to wipe it snooooof.",Assets/Babbles/YarnSpinner/Français/YarnPackForet.yarn,Sloop_Aurevoir,735,58f3fcd6,
en,line:0b2a718,Bulle : Don't want to talk to this snot-filled blobfish...,Assets/Babbles/YarnSpinner/Français/YarnPackForet.yarn,Sloop_Seum,742,c7469623,
en,line:0677c8e,Sloop : Woop! This explosion was magnificient blooooop!,Assets/Babbles/YarnSpinner/Français/YarnPackForet.yarn,Sloop_Explosed,756,91becf80,
en,line:039859a,Sloop : Worthy of the greatest underwater exploders!,Assets/Babbles/YarnSpinner/Français/YarnPackForet.yarn,Sloop_Explosed,758,d7936389,
en,line:047eb9a,"Astère : <i>I've seen a lot of things, but this job... it's something else.</i>",Assets/Babbles/YarnSpinner/Français/YarnPackForet.yarn,Sloop_Explosed,760,781a0dee,
en,line:0305688,Bulle : Thank you!!!!,Assets/Babbles/YarnSpinner/Français/YarnPackForet.yarn,Sloop_Explosed,762,c826278e,
en,line:00fc6bf,Bulle : But my name is not Woop...,Assets/Babbles/YarnSpinner/Français/YarnPackForet.yarn,Sloop_Explosed,764,78aa5c00,
en,line:02f0cff,"Sloop : Of course not, I know that very well glooooops. I'm Sloop!",Assets/Babbles/YarnSpinner/Français/YarnPackForet.yarn,Sloop_Explosed,766,20dbe0ca,
en,line:0616cb5,Bulle : Uh... I'm Bulle.,Assets/Babbles/YarnSpinner/Français/YarnPackForet.yarn,Sloop_Explosed,769,7e435163,
en,line:099c906,Sloop : Glad to meet you Bulle woooop!,Assets/Babbles/YarnSpinner/Français/YarnPackForet.yarn,Sloop_Explosed,771,8d7ce833,
en,line:038623d,Sloop : I just happened to need some help glooop!,Assets/Babbles/YarnSpinner/Français/YarnPackForet.yarn,Sloop_Explosed,773,3ecc7005,
en,line:0f5a0bd,Bulle : What do you need?,Assets/Babbles/YarnSpinner/Français/YarnPackForet.yarn,Sloop_Explosed,775,f0d54231,
en,line:09884e1,"Sloop : I'd like to make my own homemade organic farming grenades, but I lost the recipe soooop...",Assets/Babbles/YarnSpinner/Français/YarnPackForet.yarn,Sloop_Explosed,777,daf04d31,
en,line:04a98dd,Sloop : It was in a pollution zone and I was raging too much to go noooop...,Assets/Babbles/YarnSpinner/Français/YarnPackForet.yarn,Sloop_Explosed,778,d7f70952,
en,line:0e4db8e,"Bulle : I can go get it to you, but what do I get for it?",Assets/Babbles/YarnSpinner/Français/YarnPackForet.yarn,Sloop_Explosed,780,f3df7a62,
en,line:0a72418,Sloop : With the recipe you will be able ot explode this big rock behind you zoooop.,Assets/Babbles/YarnSpinner/Français/YarnPackForet.yarn,Sloop_Explosed,782,c8943b4e,
en,line:0f6beb9,Sloop : It blocks a big geyser wooooooop.,Assets/Babbles/YarnSpinner/Français/YarnPackForet.yarn,Sloop_Explosed,783,9c480007,
en,line:04013a5,Bulle : Deal! How do I get to the pollution zone?,Assets/Babbles/YarnSpinner/Français/YarnPackForet.yarn,Sloop_Explosed,786,0faae95f,
en,line:04ad7ca,Sloop : You just need to go up using the jellyfishes behind me and you'll easily find the crater coooooop.,Assets/Babbles/YarnSpinner/Français/YarnPackForet.yarn,Sloop_Explosed,788,c299960a,
en,line:03ee5ee,Sloop : Woop! This explosion was magnificient blooooop!,Assets/Babbles/YarnSpinner/Français/YarnPackForet.yarn,Sloop_Explosed2,798,91becf80,
en,line:0b415e2,Sloop : Worthy of the greatest underwater exploders!,Assets/Babbles/YarnSpinner/Français/YarnPackForet.yarn,Sloop_Explosed2,800,3a1ae07d,
en,line:0857d51,"Astère : <i>I've seen a lot of things, but this job... it's something else.</i>",Assets/Babbles/YarnSpinner/Français/YarnPackForet.yarn,Sloop_Explosed2,802,781a0dee,
en,line:096a792,Bulle : Thank you!!!!,Assets/Babbles/YarnSpinner/Français/YarnPackForet.yarn,Sloop_Explosed2,804,c826278e,
en,line:0c78c35,Bulle : What are you doing here?,Assets/Babbles/YarnSpinner/Français/YarnPackForet.yarn,Hotu_Intro_EPAVE,815,6fbf5f7d,
en,line:031a2e6,Hotu : I'm jumping on <color=#229954>pillow jellyfishes</color>.,Assets/Babbles/YarnSpinner/Français/YarnPackForet.yarn,Hotu_Intro_EPAVE,817,a85efdc2,
en,line:051d00c,Bulle : So cool !,Assets/Babbles/YarnSpinner/Français/YarnPackForet.yarn,Hotu_Intro_EPAVE,818,c7403fa4,
en,line:0103aa0,Bulle : So cool!... What is it for?,Assets/Babbles/YarnSpinner/Français/YarnPackForet.yarn,Hotu_Intro_EPAVE,819,a633670c,
en,line:01aff5c,Hotu : You'll find out if you join my jumping on <color=\#229954>pillow jellyfishes</color> club! ,Assets/Babbles/YarnSpinner/Français/YarnPackForet.yarn,Hotu_Intro_EPAVE,820,cbd0bb03,
en,line:0a8c0a6,"Hotu : You'll be trained by the world champion of the discipline, namely...",Assets/Babbles/YarnSpinner/Français/YarnPackForet.yarn,Hotu_Intro_EPAVE,821,f3d99f8d,
en,line:0f4670d,Hotu : <size=800%> ME!! </size>,Assets/Babbles/YarnSpinner/Français/YarnPackForet.yarn,Hotu_Intro_EPAVE,822,0b830463,
en,line:0874c89,Bulle : Poor things!,Assets/Babbles/YarnSpinner/Français/YarnPackForet.yarn,Hotu_Intro_EPAVE,823,7bc199df,
en,line:04b8638,Bulle : Poor things! Do you ever think about their welfare? They also have feelings!,Assets/Babbles/YarnSpinner/Français/YarnPackForet.yarn,Hotu_Intro_EPAVE,824,f4574c90,
en,line:0c6c5aa,Hotu : Who do you think I am? I have a background in <color=\#229954>jellyfish</color> breeding!,Assets/Babbles/YarnSpinner/Français/YarnPackForet.yarn,Hotu_Intro_EPAVE,826,8378f433,
en,line:0ca9169,Hotu : I even have a world title!,Assets/Babbles/YarnSpinner/Français/YarnPackForet.yarn,Hotu_Intro_EPAVE,827,284ab28d,
en,line:1412401,Bulle : So lame!,Assets/Babbles/YarnSpinner/Français/YarnPackForet.yarn,Hotu_Intro_EPAVE,829,b855d202,
en,line:0cb2624,Bulle : Hahaha it looks so lame.,Assets/Babbles/YarnSpinner/Français/YarnPackForet.yarn,Hotu_Intro_EPAVE,830,144db6f6,
en,line:0b7f763,Hotu : <size=60%>You make fun of me when I am world champion in this discipline...</size=60%>,Assets/Babbles/YarnSpinner/Français/YarnPackForet.yarn,Hotu_Intro_EPAVE,831,33733d63,
en,line:0993922,Astère : <i>World champion? Ha ha ha more like champion of loners.</i>,Assets/Babbles/YarnSpinner/Français/YarnPackForet.yarn,Hotu_Intro_EPAVE,832,bf441023,
en,line:0e07158,"Bulle : <i>Shhh Astère, he could be a friend of ours.</i>",Assets/Babbles/YarnSpinner/Français/YarnPackForet.yarn,Hotu_Intro_EPAVE,833,5c49afaa,
en,line:08e96ca,Bulle : High five my friend!,Assets/Babbles/YarnSpinner/Français/YarnPackForet.yarn,Hotu_Intro_EPAVE,835,b8601870,
en,line:047ad07,Hotu : <size=60%>But...</size=60%>,Assets/Babbles/YarnSpinner/Français/YarnPackForet.yarn,Hotu_Intro_EPAVE,837,01c0b6b5,
en,line:047314d,Hotu : <size=60%>I have no arms...</size=60%>,Assets/Babbles/YarnSpinner/Français/YarnPackForet.yarn,Hotu_Intro_EPAVE,838,b821eccb,
en,line:07bee3d,Hotu : You're as bad as that old octopus that uses my jellyfish to get up here.,Assets/Babbles/YarnSpinner/Français/YarnPackForet.yarn,Hotu_Intro_EPAVE,839,5595fd8b,
en,line:022ad3a,Hotu : He has no idea of how to jump and he doesn't listen to my advice. ,Assets/Babbles/YarnSpinner/Français/YarnPackForet.yarn,Hotu_Intro_EPAVE,840,05a3b329,
en,line:0f0eaa9,Hotu : <size=500%>They are suffering!!!!</size>,Assets/Babbles/YarnSpinner/Français/YarnPackForet.yarn,Hotu_Intro_EPAVE,841,de0a5d5a,
en,line:0cf4e2f,"Hotu : If you take this path, please take care of my jellyfish, they are fragile...",Assets/Babbles/YarnSpinner/Français/YarnPackForet.yarn,Hotu_Intro_EPAVE,842,6bd03a50,
en,line:0cf4e5f,Hotu : And come back to talk to me when you want to take up a challenge!!,Assets/Babbles/YarnSpinner/Français/YarnPackForet.yarn,Hotu_Intro_EPAVE,843,93c2fde2,
en,line:08a2dc8,"Hotu : You want to play rock, paper, scissors?",Assets/Babbles/YarnSpinner/Français/YarnPackForet.yarn,Hotu_Salute,853,c5a3ff2e,
en,line:044be29,Bulle : Yes!,Assets/Babbles/YarnSpinner/Français/YarnPackForet.yarn,Hotu_Salute,854,18e29a76,
en,line:0c52e5c,Bulle : I start.,Assets/Babbles/YarnSpinner/Français/YarnPackForet.yarn,Hotu_Salute,855,39becb9f,
en,line:008611a,"Bulle : One, two, three, rock, paper, scissors!",Assets/Babbles/YarnSpinner/Français/YarnPackForet.yarn,Hotu_Salute,856,6479fff4,
en,line:046e82d,"Astère : <i>He played rock, you lost, Bulle, ha ha !</i>",Assets/Babbles/YarnSpinner/Français/YarnPackForet.yarn,Hotu_Salute,858,8a65e344,
en,line:0ac5b24,Bulle : Rematch!,Assets/Babbles/YarnSpinner/Français/YarnPackForet.yarn,Hotu_Salute,860,44e87068,
en,line:0c91d2d,"Bulle : Rock, paper, scissors!",Assets/Babbles/YarnSpinner/Français/YarnPackForet.yarn,Hotu_Salute,861,aa0c80de,
en,line:08eba53,"Astère : <i>Rock again, you won this time Bulle!</i>",Assets/Babbles/YarnSpinner/Français/YarnPackForet.yarn,Hotu_Salute,863,b6eea8cd,
en,line:024104d,Bulle : One last!,Assets/Babbles/YarnSpinner/Français/YarnPackForet.yarn,Hotu_Salute,865,3d10fc23,
en,line:0ff15a3,"Bulle : Rock, paper, scissors!",Assets/Babbles/YarnSpinner/Français/YarnPackForet.yarn,Hotu_Salute,866,aa0c80de,
en,line:02e4d70,Astère : <i>Actually... I think he can only play rock.</i>,Assets/Babbles/YarnSpinner/Français/YarnPackForet.yarn,Hotu_Salute,867,967e4877,
en,line:0c39eca,"Hotu : <size=60%>I can't play, I don't have arms...",Assets/Babbles/YarnSpinner/Français/YarnPackForet.yarn,Hotu_Salute,868,53886d16,
en,line:015020a,Hotu : You just thought I played rock because I'm a ...</size=60%>,Assets/Babbles/YarnSpinner/Français/YarnPackForet.yarn,Hotu_Salute,869,62b199e0,
en,line:0d6a18c,Bulle : No.,Assets/Babbles/YarnSpinner/Français/YarnPackForet.yarn,Hotu_Salute,870,668ce7a4,
en,line:0b9c1bb,"Bulle : No, I have other fishes to fry.",Assets/Babbles/YarnSpinner/Français/YarnPackForet.yarn,Hotu_Salute,871,ccc5efe3,
en,line:08281dd,"Bulle : Oh, hey Hotu, how are you?",Assets/Babbles/YarnSpinner/Français/YarnPackForet.yarn,Hotu_Salute,873,d8a67b45,
en,line:0b35468,"Hotu : <size=60%>Not fine, I lost Médusa, my favorite jellyfish...</size=60%>",Assets/Babbles/YarnSpinner/Français/YarnPackForet.yarn,Hotu_Salute,874,b4feef9e,
en,line:0125dc9,Bulle : You should have kept her on a leash.,Assets/Babbles/YarnSpinner/Français/YarnPackForet.yarn,Hotu_Salute,875,ff97c20d,
en,line:0a5e409,Hotu : <size=60%>But I don't have arms.</size=60%>,Assets/Babbles/YarnSpinner/Français/YarnPackForet.yarn,Hotu_Salute,876,5f3c9d36,
en,line:001ac9a,"Astère : <i>No arms, no Médusa hahaha.</i>",Assets/Babbles/YarnSpinner/Français/YarnPackForet.yarn,Hotu_Salute,877,88eced1e,
en,line:0796876,"Hotu : Do you want to train your jellyfish jumping, kid?",Assets/Babbles/YarnSpinner/Français/YarnPackForet.yarn,Hotu_Quete_Meduses,889,2.56E+05,
en,line:0c37f28,Bulle : Yeaaaah!,Assets/Babbles/YarnSpinner/Français/YarnPackForet.yarn,Hotu_Quete_Meduses,891,9d45a3c7,
en,line:0e87612,Hotu : I will create a jellyfish course just for you!,Assets/Babbles/YarnSpinner/Français/YarnPackForet.yarn,Hotu_Quete_Meduses,893,316f35c1,
en,line:09d4662,"Hotu : If you manage to finish it, I will give you rewards according to your level.",Assets/Babbles/YarnSpinner/Français/YarnPackForet.yarn,Hotu_Quete_Meduses,894,e6fcbd94,
en,line:0a599a9,Hotu : Are you ready?,Assets/Babbles/YarnSpinner/Français/YarnPackForet.yarn,Hotu_Quete_Meduses,895,f6557717,
en,line:05fa2a8,Bulle : Yes.,Assets/Babbles/YarnSpinner/Français/YarnPackForet.yarn,Hotu_Quete_Meduses,896,c7c15bf4,
en,line:02f8e9f,Bulle : No.,Assets/Babbles/YarnSpinner/Français/YarnPackForet.yarn,Hotu_Quete_Meduses,898,668ce7a4,
en,line:021a979,"Hotu : So, do you want to practice jumping on the pillow jellyfish after all?",Assets/Babbles/YarnSpinner/Français/YarnPackForet.yarn,Hotu_Quete_MedusesRe,908,b053b4be,
en,line:003c6ff,Bulle : Yeaaaah!,Assets/Babbles/YarnSpinner/Français/YarnPackForet.yarn,Hotu_Quete_MedusesRe,910,9d45a3c7,
en,line:088f38c,Hotu : I will create a jellyfish course just for you!,Assets/Babbles/YarnSpinner/Français/YarnPackForet.yarn,Hotu_Quete_MedusesRe,912,316f35c1,
en,line:0eb8d8e,"Hotu : If you manage to finish it, I will give you rewards according to your level.",Assets/Babbles/YarnSpinner/Français/YarnPackForet.yarn,Hotu_Quete_MedusesRe,913,e6fcbd94,
en,line:032c53e,Hotu : Are you ready?,Assets/Babbles/YarnSpinner/Français/YarnPackForet.yarn,Hotu_Quete_MedusesRe,914,f6557717,
en,line:0e30f31,Bulle : Yes.,Assets/Babbles/YarnSpinner/Français/YarnPackForet.yarn,Hotu_Quete_MedusesRe,915,c7c15bf4,
en,line:0ac6c6e,Bulle : No.,Assets/Babbles/YarnSpinner/Français/YarnPackForet.yarn,Hotu_Quete_MedusesRe,917,668ce7a4,
en,line:0f7f050,"Hotu : You passed the first course with flying colors, but the second one is inspired by the 2004 Water Olympic Games.",Assets/Babbles/YarnSpinner/Français/YarnPackForet.yarn,Hotu_Quete_Meduses2,927,d4bf6c5c,
en,line:0ac1256,Hotu : Are you up for the challenge?,Assets/Babbles/YarnSpinner/Français/YarnPackForet.yarn,Hotu_Quete_Meduses2,928,322092c1,
en,line:0b4702d,Bulle : Yes.,Assets/Babbles/YarnSpinner/Français/YarnPackForet.yarn,Hotu_Quete_Meduses2,929,c7c15bf4,
en,line:031aa7f,Bulle : No.,Assets/Babbles/YarnSpinner/Français/YarnPackForet.yarn,Hotu_Quete_Meduses2,931,668ce7a4,
en,line:0bec84b,"Hotu : Kid, if you succeed on this course, I will have finished with your apprenticeship, even my teacher Pierre Pradal never managed to do it.",Assets/Babbles/YarnSpinner/Français/YarnPackForet.yarn,Hotu_Quete_Meduses3,941,b44ed260,
en,line:04f462b,Hotu : Do you want to try doing it?,Assets/Babbles/YarnSpinner/Français/YarnPackForet.yarn,Hotu_Quete_Meduses3,942,60142207,
en,line:0e7a96a,Bulle : Yes.,Assets/Babbles/YarnSpinner/Français/YarnPackForet.yarn,Hotu_Quete_Meduses3,943,c7c15bf4,
en,line:0d2988e,Bulle : No.,Assets/Babbles/YarnSpinner/Français/YarnPackForet.yarn,Hotu_Quete_Meduses3,945,668ce7a4,
en,line:08e9ca2,"Hotu : Don't blame me kid, but you should still practice to become solid as a rock!",Assets/Babbles/YarnSpinner/Français/YarnPackForet.yarn,Hotu_Quete_Fail,953,353a5b32,
en,line:0fc683e,Hotu : Too bad... Did you have a rock in your shoe?,Assets/Babbles/YarnSpinner/Français/YarnPackForet.yarn,Hotu_Quete_Fail,956,6f365239,
en,line:09334c6,Astère : <i>He doesn't even wear shoes...</i>,Assets/Babbles/YarnSpinner/Français/YarnPackForet.yarn,Hotu_Quete_Fail,957,4ad1cf42,
en,line:0747b61,Astère : You are so lame Bulle.,Assets/Babbles/YarnSpinner/Français/YarnPackForet.yarn,Hotu_Quete_Fail,959,8851c98e,
en,line:0949fff,Hotu : You shouldn't say that but rather : you didn't train enough Bulle.,Assets/Babbles/YarnSpinner/Français/YarnPackForet.yarn,Hotu_Quete_Fail,960,7a506e67,
en,line:0416b1d,Hotu: Bravo little one! You are almost as good as I was when I started this discipline!,Assets/Babbles/YarnSpinner/Français/YarnPackForet.yarn,Hotu_Quete_Good1,967,8fb914a3,
en,line:084a9c9,Bulle : So what did I win?,Assets/Babbles/YarnSpinner/Français/YarnPackForet.yarn,Hotu_Quete_Good1,969,dfd7d100,
en,line:052d5c8,Hotu : I will prepare other courses for you!,Assets/Babbles/YarnSpinner/Français/YarnPackForet.yarn,Hotu_Quete_Good1,971,998a61ec,
en,line:0f0937a,Bulle : But I wanted a true reward! It sucks!,Assets/Babbles/YarnSpinner/Français/YarnPackForet.yarn,Hotu_Quete_Good1,973,414475ae,
en,line:09f4ff8,"Hotu: Well, well...how about a fruit? To have a lot of energy!",Assets/Babbles/YarnSpinner/Français/YarnPackForet.yarn,Hotu_Quete_Good1,975,d1ebc734,
en,line:01adff1,"Bulle : Pffff, that's useless... I'm never going to do that challenge again.",Assets/Babbles/YarnSpinner/Français/YarnPackForet.yarn,Hotu_Quete_Good1,978,cd9186da,
en,line:0f8bca2,Hotu : ...,Assets/Babbles/YarnSpinner/Français/YarnPackForet.yarn,Hotu_Quete_Good1,980,28027edc,
en,line:0ee1418,"Hotu : Here, take some <color=#229954>pillow jellyfishes</color>, to get you ready for the next course.",Assets/Babbles/YarnSpinner/Français/YarnPackForet.yarn,Hotu_Quete_Good1,981,87181fb5,
en,line:0760672,Astère : <i>Wasn't that extortion?</i>,Assets/Babbles/YarnSpinner/Français/YarnPackForet.yarn,Hotu_Quete_Good1,985,3a0fe581,
en,line:05f7588,"Hotu : Kid, I feel that you are going to add your stone to the building of jump on jellyfish.",Assets/Babbles/YarnSpinner/Français/YarnPackForet.yarn,Hotu_Quete_Good2,990,c6a9d029,
en,line:0931026,Hotu : You have some real talent!,Assets/Babbles/YarnSpinner/Français/YarnPackForet.yarn,Hotu_Quete_Good2,991,d0752301,
en,line:06a2d15,Bulle : What do you win this time?,Assets/Babbles/YarnSpinner/Français/YarnPackForet.yarn,Hotu_Quete_Good2,993,2b60cc22,
en,line:0cf6a56,"Hotu : Since you're a nugget just waiting to be dug out of your rock, I'll give you the recipe for <color=#229954>pillow jellyfish</color>!",Assets/Babbles/YarnSpinner/Français/YarnPackForet.yarn,Hotu_Quete_Good2,995,5125f73c,
en,line:031de15,Hotu : And a jellyfish and a can to be able to make one directly!,Assets/Babbles/YarnSpinner/Français/YarnPackForet.yarn,Hotu_Quete_Good2,996,46082e7c,
en,line:0781f8c,"Hotu : With that, you'll be able to train with your own <color=#229954>pillow jellyfishes</color> !",Assets/Babbles/YarnSpinner/Français/YarnPackForet.yarn,Hotu_Quete_Good2,997,e124aaf6,
en,line:0349b3d,Hotu : I can't believe it...,Assets/Babbles/YarnSpinner/Français/YarnPackForet.yarn,Hotu_Quete_Good3,1005,dc3f1c69,
en,line:06cad31,"Hotu : Little one, we must mark this day with a white stone.",Assets/Babbles/YarnSpinner/Français/YarnPackForet.yarn,Hotu_Quete_Good3,1006,59152fb9,
en,line:0acf753,"Hotu : That day you crushed all the world champions, you...",Assets/Babbles/YarnSpinner/Français/YarnPackForet.yarn,Hotu_Quete_Good3,1007,d95444e9,
en,line:017d39f,"Bulle : I don't care about being the world champion, I just want my reward!!",Assets/Babbles/YarnSpinner/Français/YarnPackForet.yarn,Hotu_Quete_Good3,1009,940d1551,
en,line:001cc5d,"Hotu : I don't need to train anymore, I found my successor.",Assets/Babbles/YarnSpinner/Français/YarnPackForet.yarn,Hotu_Quete_Good3,1011,7b1b0d48,
en,line:0fab7aa,Hotu : So here is my whole collection...,Assets/Babbles/YarnSpinner/Français/YarnPackForet.yarn,Hotu_Quete_Good3,1012,5a03d88a,
en,line:0fece68,Bulle : Thanks!!!!,Assets/Babbles/YarnSpinner/Français/YarnPackForet.yarn,Hotu_Quete_Good3,1026,c826278e,
en,line:0af95a2,"Hotu : See you soon Bulle, I hope we'll meet again soon!",Assets/Babbles/YarnSpinner/Français/YarnPackForet.yarn,Hotu_Aurevoir,1032,2bbae872,
en,line:054ee3f,Hotu : <size=60%>Don't you want to stay a little longer Bulle? It's a little lonely here.</size=60%>,Assets/Babbles/YarnSpinner/Français/YarnPackForet.yarn,Hotu_Aurevoir,1034,91228b15,
en,line:07de702,Bulle : Why would I want to talk to this useless old rock?,Assets/Babbles/YarnSpinner/Français/YarnPackForet.yarn,Hotu_Seum,1041,455e4595,
en,line:08654c6,"Astère : <i>You really have a heart of stone, Bulle.</i>",Assets/Babbles/YarnSpinner/Français/YarnPackForet.yarn,Hotu_Seum,1042,d04a9a46,
en,line:0837821,Worm : Traffic information from the <color=#48BC0D>underwater forest</color>.,Assets/Babbles/YarnSpinner/Français/YarnPackForet.yarn,Ver_Info,1048,d282d893,
en,line:0420cbe,Worm : Nothing to report in the <color=#48BC0D>Burb Forest</color>.,Assets/Babbles/YarnSpinner/Français/YarnPackForet.yarn,Ver_Info,1049,832da7ef,
en,line:0e5ba42,"Worm : On the side of the <color=#48BC0D>wreck forest</color>, a rock blocks the G52 geyser, please take another route or unblock it yourself.",Assets/Babbles/YarnSpinner/Français/YarnPackForet.yarn,Ver_Info,1050,87f29ea1,
en,line:0a4a525,Worm : Have a nice day on the Verci Highways network.,Assets/Babbles/YarnSpinner/Français/YarnPackForet.yarn,Ver_Info,1051,bb43a4f1,
en,line:05ce637,"Hotu : Kid, do you want to learn <color=#229954>pillow jellyfish</color> jumping, SMIC for short?",Assets/Babbles/YarnSpinner/Français/YarnPackForet.yarn,Hotu_Tuto_MEDUSE,1063,82b03d88,
en,line:008a192,"Astère : <i>Wait, if the acronym has nothing to do with the words, what does it mean?</i>",Assets/Babbles/YarnSpinner/Français/YarnPackForet.yarn,Hotu_Tuto_MEDUSE,1064,8fd28560,
en,line:002dc9d,Bulle : Yeah!,Assets/Babbles/YarnSpinner/Français/YarnPackForet.yarn,Hotu_Tuto_MEDUSE,1065,c5f4515a,
en,line:0f2ba73,Bulle : Yeah!,Assets/Babbles/YarnSpinner/Français/YarnPackForet.yarn,Hotu_Tuto_MEDUSE,1066,209edca9,
en,line:0d7b6e6,"Hotu : SMIC is really simple, you take a <color=#229954>pillow jellyfish</color>, you jump on it and hop, it bounces by itself!",Assets/Babbles/YarnSpinner/Français/YarnPackForet.yarn,Hotu_Tuto_MEDUSE,1067,41588307,
en,line:0f697f8,Hotu : Try with this one!,Assets/Babbles/YarnSpinner/Français/YarnPackForet.yarn,Hotu_Tuto_MEDUSE,1068,adf48022,
en,line:048dea8,Astère : <i>Uh... Was there really a need for a tutorial for this?</i>,Assets/Babbles/YarnSpinner/Français/YarnPackForet.yarn,Hotu_Tuto_MEDUSE,1069,b16e694e,
en,line:0443ca2,Bulle : No...,Assets/Babbles/YarnSpinner/Français/YarnPackForet.yarn,Hotu_Tuto_MEDUSE,1070,01932a0d,
en,line:0bdabdf,Bulle : No. It sounds so lame.,Assets/Babbles/YarnSpinner/Français/YarnPackForet.yarn,Hotu_Tuto_MEDUSE,1071,d2009083,
en,line:0891966,Hotu : <size=60%>But... it's a globally recognized discipline...</size=60%>,Assets/Babbles/YarnSpinner/Français/YarnPackForet.yarn,Hotu_Tuto_MEDUSE,1072,740d149a,
en,line:0d23d21,"Astère : <i>Bulle, all advice should be taken.</i>",Assets/Babbles/YarnSpinner/Français/YarnPackForet.yarn,Hotu_Tuto_MEDUSE,1073,ce820a0c,
en,line:0f493fc,"Bulle : Then, show me...",Assets/Babbles/YarnSpinner/Français/YarnPackForet.yarn,Hotu_Tuto_MEDUSE,1074,e3c5df56,
en,line:0ecd448,"Hotu : SMIC is really simple, you take a <color=#229954>pillow jellyfish</color>, you jump on it and hop, it bounces by itself!",Assets/Babbles/YarnSpinner/Français/YarnPackForet.yarn,Hotu_Tuto_MEDUSE,1075,e7ba0fec,
en,line:086f91a,Hotu : Try with this one!,Assets/Babbles/YarnSpinner/Français/YarnPackForet.yarn,Hotu_Tuto_MEDUSE,1076,adf48022,
en,line:0aa320a,Astère : <i>Uh... Was there really a need for a tutorial for this?</i>,Assets/Babbles/YarnSpinner/Français/YarnPackForet.yarn,Hotu_Tuto_MEDUSE,1077,b16e694e,
en,line:0882226,Bulle : I know how to jump.,Assets/Babbles/YarnSpinner/Français/YarnPackForet.yarn,Hotu_Tuto_MEDUSE,1078,94bdb3a7,
en,line:0533591,Bulle : What did you think? I can already jump.,Assets/Babbles/YarnSpinner/Français/YarnPackForet.yarn,Hotu_Tuto_MEDUSE,1079,3ab2e2a3,
en,line:0bb3c4a,Hotu : <size=60%>Ah... okay... then my presence in this world has been useless...</size=60%>,Assets/Babbles/YarnSpinner/Français/YarnPackForet.yarn,Hotu_Tuto_MEDUSE,1080,831c052a,
en,line:030207f,"Burb : <color=""purple"">Urfe</color>?",Assets/Babbles/YarnSpinner/Français/YarnPackForet.yarn,Burb_Intro_FORET,1089,3770f2d1,
en,line:0487cf6,"Bulle : No, my name is Bulle. Who are you?",Assets/Babbles/YarnSpinner/Français/YarnPackForet.yarn,Burb_Intro_FORET,1090,6b6dc9a6,
en,line:0b00005,Burb : Burb!,Assets/Babbles/YarnSpinner/Français/YarnPackForet.yarn,Burb_Intro_FORET,1091,74064925,
en,line:0428710,"Burb : <color=#0E6251>Alga</color>, <color=#229954>alga</color>, <color=#58D68D>alga</color>!",Assets/Babbles/YarnSpinner/Français/YarnPackForet.yarn,Burb_Quete_ALGUE,1099,e6d85ca5,
en,line:02bf2ed,Bulle : Can you let me through plz?,Assets/Babbles/YarnSpinner/Français/YarnPackForet.yarn,Burb_Quete_ALGUE,1101,678d2a8f,
en,line:050a25b,Burb : <size=200%>NOT PASS!</size=200%>,Assets/Babbles/YarnSpinner/Français/YarnPackForet.yarn,Burb_Quete_ALGUE,1103,0fb7c500,
en,line:0b7fb9f,Burb : <size=200%><color=#0E6251>A</color><color=#229954>L</color><color=#58D68D>GA! GIVE!!!</size=200%>,Assets/Babbles/YarnSpinner/Français/YarnPackForet.yarn,Burb_Quete_ALGUE,1104,09f90bbd,
en,line:0f3a1e2,Bulle : Do I look like an <color=#FFC300>algae</color>eater?,Assets/Babbles/YarnSpinner/Français/YarnPackForet.yarn,Burb_Quete_ALGUE,1106,2dca17bd,
en,line:04639ce,"Burb : <color=#0E6251>Alga</color> don't eat, <color=#58D68D>alga</color> give Burb!",Assets/Babbles/YarnSpinner/Français/YarnPackForet.yarn,Burb_Quete_ALGUE,1108,0b5681f9,
en,line:00489f3,"Bulle : But there are tons of <color=#FFC300>algae</color> around, can't you take them yourself?",Assets/Babbles/YarnSpinner/Français/YarnPackForet.yarn,Burb_Quete_ALGUE,1109,abcee173,
en,line:0034acf,Burb : <size=800%><color=#0E6251>A</color><color=#229954>L</color><color=#58D68D>GA!</color></size=800%>,Assets/Babbles/YarnSpinner/Français/YarnPackForet.yarn,Burb_Quete_ALGUE,1110,d69e4b0f,
en,line:0948f9a,"Bulle : ...Well, how many do you need?",Assets/Babbles/YarnSpinner/Français/YarnPackForet.yarn,Burb_Quete_ALGUE,1112,06c8e6ed,
en,line:0ec778c,"Burb : <color=#0E6251>Alga</color> Burb, <color=#229954>Alga</color> Burb, <color=#58D68D>Alga</color> Burb !",Assets/Babbles/YarnSpinner/Français/YarnPackForet.yarn,Burb_Quete_ALGUE,1114,1f1f91eb,
en,line:0076bc0,Astère : <i>I suppose it means he wants 3 <color=#FFC300>algae</color>...</i>,Assets/Babbles/YarnSpinner/Français/YarnPackForet.yarn,Burb_Quete_ALGUE,1115,0c563760,
en,line:0f96d0e,Burb : Not <color=#0E6251>algae</color> !!!!! Not <color=#229954>algae</color> !!! Burb <color=#58D68D>algae</color> !,Assets/Babbles/YarnSpinner/Français/YarnPackForet.yarn,Burb_Quete_ALGUE_Bad,1120,992d1489,
en,line:0a11794,Burb : <size=800%><color=#0E6251>A</color><color=#229954>L</color><color=#58D68D>GA!</color> <3 <3</size=800%>,Assets/Babbles/YarnSpinner/Français/YarnPackForet.yarn,Burb_Quete_ALGUE_Good,1125,98622134,
en,line:00c4859,Burb : <color=#0E6251>Algae</color>?,Assets/Babbles/YarnSpinner/Français/YarnPackForet.yarn,Burb_Salute,1130,0d93fca2,
en,line:0b30e8b,Bulle : Alga.,Assets/Babbles/YarnSpinner/Français/YarnPackForet.yarn,Burb_Salute,1131,aa86e976,
en,line:008dc40,Burb : <color=#229954>Alga</color> <3,Assets/Babbles/YarnSpinner/Français/YarnPackForet.yarn,Burb_Salute,1132,ba0b7be4,
en,line:00f2d22,Bulle : Alga?,Assets/Babbles/YarnSpinner/Français/YarnPackForet.yarn,Burb_Salute,1133,50deb232,
en,line:0eb0128,Burb : <color=#229954>Alga</color> ?,Assets/Babbles/YarnSpinner/Français/YarnPackForet.yarn,Burb_Salute,1134,f7ea352e,
en,line:0f35438,Bulle : ALGA!,Assets/Babbles/YarnSpinner/Français/YarnPackForet.yarn,Burb_Salute,1135,1d02ec9d,
en,line:05732ed,Burb: <color=#0E6251>Alga...</color>,Assets/Babbles/YarnSpinner/Français/YarnPackForet.yarn,Burb_Salute,1136,e3a3a0ea,
en,line:2455d04,Bulle : Alga <3,Assets/Babbles/YarnSpinner/Français/YarnPackForet.yarn,Burb_Salute,1137,ffb3cc86,
en,line:094c443,Burb : <size=800%><color=#0E6251>A</color><color=#229954>L</color><color=#58D68D>GA!</color> <3 <3 <3 <3 </size=800%>,Assets/Babbles/YarnSpinner/Français/YarnPackForet.yarn,Burb_Salute,1138,23f2d032,
en,line:01d4268,"Sloop : Ohhh, salut boooops !",Assets/Babbles/YarnSpinner/Français/YarnPackForet.yarn,Sloop_Intro_EPAVE_old,1155,44dd2ee5,
en,line:076d719,Bulle : Je m'appelle pas Boooops...,Assets/Babbles/YarnSpinner/Français/YarnPackForet.yarn,Sloop_Intro_EPAVE_old,1157,18c93e50,
en,line:0d523ea,"Sloop : Mais nooon, je sais bien glooooops. Moi c'est Sloop !",Assets/Babbles/YarnSpinner/Français/YarnPackForet.yarn,Sloop_Intro_EPAVE_old,1159,20dbe0ca,
en,line:081b0ae,Bulle : Euh...moi c'est Bulle.,Assets/Babbles/YarnSpinner/Français/YarnPackForet.yarn,Sloop_Intro_EPAVE_old,1162,7e435163,
en,line:0e3426a,Sloop : Trop content de te rencontrer Bulle woooop !,Assets/Babbles/YarnSpinner/Français/YarnPackForet.yarn,Sloop_Intro_EPAVE_old,1164,8d7ce833,
en,line:0a74e39,Sloop : Qu'est-ce que tu fais dans cette belle <color=#48BC0D>forêt</color> doooops ?,Assets/Babbles/YarnSpinner/Français/YarnPackForet.yarn,Sloop_Intro_EPAVE_old,1165,ec93737b,
en,line:00050cd,Bulle : Je cherche comment prendre ce geyser. Y'a un caillou qui le bloque.,Assets/Babbles/YarnSpinner/Français/YarnPackForet.yarn,Sloop_Intro_EPAVE_old,1168,566f7d12,
en,line:094014f,Sloop : J'ai ce qu'il te faut glooops !,Assets/Babbles/YarnSpinner/Français/YarnPackForet.yarn,Sloop_Intro_EPAVE_old,1170,e3ce281b,
en,line:05dae00,Sloop : Je travaillais dans une usine de destruction massive des pierres dans l'océan plooooop.,Assets/Babbles/YarnSpinner/Français/YarnPackForet.yarn,Sloop_Intro_EPAVE_old,1171,c7d2b0a5,
en,line:027f436,Sloop : Malheureusement elle a fermé récemment...Mais je pourrais te dire où trouver des <color=#229954>grenades</color> booooop !,Assets/Babbles/YarnSpinner/Français/YarnPackForet.yarn,Sloop_Intro_EPAVE_old,1173,749a61d6,
en,line:0db3eca,Astère : <i>Ça tombe vraiment bien ça dit donc...</i>,Assets/Babbles/YarnSpinner/Français/YarnPackForet.yarn,Sloop_Intro_EPAVE_old,1175,41297c51,
en,line:0ef8256,Bulle : Trop bien !!!,Assets/Babbles/YarnSpinner/Français/YarnPackForet.yarn,Sloop_Intro_EPAVE_old,1177,b3dd0099,
en,line:04dd9ae,Sloop : Tu veux savoir alors doops ?,Assets/Babbles/YarnSpinner/Français/YarnPackForet.yarn,Sloop_Intro_EPAVE_old,1178,80692650,
en,line:0fae0a8,Bulle : Oui.,Assets/Babbles/YarnSpinner/Français/YarnPackForet.yarn,Sloop_Intro_EPAVE_old,1180,c7c15bf4,
en,line:040d299,"Sloop : D'accord, tu aimes les blobfish bloop ?",Assets/Babbles/YarnSpinner/Français/YarnPackForet.yarn,Sloop_Intro_EPAVE_old,1181,6d29e585,
en,line:0ca7949,Bulle : Euuuuh...oui ?,Assets/Babbles/YarnSpinner/Français/YarnPackForet.yarn,Sloop_Intro_EPAVE_old,1182,43d5c356,
en,line:061ead,Sloop : On peut trouver des <color=#229954>grenades</color> dans le cratère juste derrière moi ploop !,Assets/Babbles/YarnSpinner/Français/YarnPackForet.yarn,Sloop_Intro_EPAVE_old,1184,28dfbec6,
en,line:0140c8f,"Bulle : Non, c'est trop moche.",Assets/Babbles/YarnSpinner/Français/YarnPackForet.yarn,Sloop_Intro_EPAVE_old,1187,824445d7,
en,line:087e205,Sloop : Tu sais que je suis un blobfish hein cloop ?,Assets/Babbles/YarnSpinner/Français/YarnPackForet.yarn,Sloop_Intro_EPAVE_old,1189,155f2ee4,
en,line:09dfd22,Bulle : Euh bah oui bien sûr.,Assets/Babbles/YarnSpinner/Français/YarnPackForet.yarn,Sloop_Intro_EPAVE_old,1191,a538c2c1,
en,line:0b61343,Sloop : Alors tu aimes les blobfish xoooop ?,Assets/Babbles/YarnSpinner/Français/YarnPackForet.yarn,Sloop_Intro_EPAVE_old,1192,10fa35be,
en,line:021c656,Bulle : Euuuuh...oui je suppose ?,Assets/Babbles/YarnSpinner/Français/YarnPackForet.yarn,Sloop_Intro_EPAVE_old,1193,fd1dce6b,
en,line:096679d,Sloop : Yooooop !,Assets/Babbles/YarnSpinner/Français/YarnPackForet.yarn,Sloop_Intro_EPAVE_old,1195,bedb77cf,
en,line:08e4158,Sloop : On peut trouver des <color=#229954>grenades</color> dans le cratère juste derrière moi ploop !,Assets/Babbles/YarnSpinner/Français/YarnPackForet.yarn,Sloop_Intro_EPAVE_old,1196,28dfbec6,
en,line:0d8719d,Bulle : Bah non toujours pas...,Assets/Babbles/YarnSpinner/Français/YarnPackForet.yarn,Sloop_Intro_EPAVE_old,1199,932b9b8a,
en,line:053a118,Sloop : Oooooops...tant pis alors...pas de <color=#229954>grenade</color> pour toi...,Assets/Babbles/YarnSpinner/Français/YarnPackForet.yarn,Sloop_Intro_EPAVE_old,1201,f31a284f,
en,line:0ed92d8,Bulle : Non.,Assets/Babbles/YarnSpinner/Français/YarnPackForet.yarn,Sloop_Intro_EPAVE_old,1203,668ce7a4,
en,line:00317e5,Sloop : Reviens me voir dès que t'as envie là booops.,Assets/Babbles/YarnSpinner/Français/YarnPackForet.yarn,Sloop_Intro_EPAVE_old,1205,c16ec381,
en,line:00d3b6f,"Hotu : How's it going, kid?",Assets/Babbles/YarnSpinner/Français/YarnPackForet.yarn,Hotu_Trigger,1211,ee2c1eab,
en,line:0f54d96,Bulle : Huh? What was that?,Assets/Babbles/YarnSpinner/Français/YarnPackForet.yarn,Hotu_Trigger,1212,74b81f88,
en,line:0363725,"Astère : <i>Be careful, there might be something rocky going on. Are you sure you want to go check it out?</i>",Assets/Babbles/YarnSpinner/Français/YarnPackForet.yarn,Hotu_Trigger,1213,c6d89a83,
en,line:0f39d0f,Panneau: The cemetery is over there.,Assets/Babbles/YarnSpinner/Français/YarnPackPanneaux.yarn,Panneau_Cimetiere,5,eb8c1437,
en,line:0079daf,Panneau: The abysses over here!,Assets/Babbles/YarnSpinner/Français/YarnPackPanneaux.yarn,Panneau_Abysses,12,ab118591,
en,line:09d7afd,Astère : <i>It's scary.</i>,Assets/Babbles/YarnSpinner/Français/YarnPackPanneaux.yarn,Panneau_Abysses,15,3095cd25,
en,line:0bf0f26,"Panneau: No, don't worry, it's fine, actually.",Assets/Babbles/YarnSpinner/Français/YarnPackPanneaux.yarn,Panneau_Abysses,17,942a6abc,
en,line:028b8ac,Panneau: Direction: <i><size=60%>stinky old fish's</size></i> wreck.,Assets/Babbles/YarnSpinner/Français/YarnPackPanneaux.yarn,Panneau_Foret,24,d5c99a7b,
en,line:06770f0,Astère: <i>Weird sign.</i>,Assets/Babbles/YarnSpinner/Français/YarnPackPanneaux.yarn,Panneau_Foret,27,a521f921,
en,line:066bce1,Panneau: Kids tagged me!,Assets/Babbles/YarnSpinner/Français/YarnPackPanneaux.yarn,Panneau_Foret,29,0818445d,
en,line:0332302,Panneau: This generation doesn't know respect.,Assets/Babbles/YarnSpinner/Français/YarnPackPanneaux.yarn,Panneau_Foret,30,b65769b0,
en,line:00a1fd2,Astère: Hey! We see you trying to break the game.,Assets/Babbles/YarnSpinner/Français/YarnPackPanneaux.yarn,TopWallBreak,36,efb6a118,
en,line:0f39d3f,Panneau: The cemetery is over there.,Assets/Babbles/YarnSpinner/Français/YarnPackPanneaux.yarn,Panneau_Foret2,42,a22d8a74,
en,line:0f39d5f,Panneau: I mean... I think?,Assets/Babbles/YarnSpinner/Français/YarnPackPanneaux.yarn,Panneau_Foret2,45,b2a9779c,
en,line:0aefe27,Astère: Don't ask me.,Assets/Babbles/YarnSpinner/Français/YarnPackPanneaux.yarn,Panneau_Foret2,47,ab3032b3,
en,line:0a6cfe8,Panneau: Direction: Napoleon's super secret hiding place,Assets/Babbles/YarnSpinner/Français/YarnPackPanneaux.yarn,Panneau_Foret3,53,a3379170,
en,line:034e286,"Panneau: Oh, I shouldn't have said that...",Assets/Babbles/YarnSpinner/Français/YarnPackPanneaux.yarn,Panneau_Foret3,55,6a94d1ec,
en,line:054851d,Bulle : It's already the night?,Assets/Babbles/YarnSpinner/Français/YarnPackTrigger.yarn,ZoneSombre_First,4,ac912b30,
en,line:0c1b965,"Astère : Yes, Bulle, go to sleep lil buddy.",Assets/Babbles/YarnSpinner/Français/YarnPackTrigger.yarn,ZoneSombre_First,5,8c80776c,
en,line:0568178,Astère : ...,Assets/Babbles/YarnSpinner/Français/YarnPackTrigger.yarn,ZoneSombre_First,6,0c0a4370,
en,line:0299d45,"Astère : No, Bulle, it's a Dark Area.",Assets/Babbles/YarnSpinner/Français/YarnPackTrigger.yarn,ZoneSombre_First,8,808db59b,
en,line:048fc93,Bulle : It's scary...,Assets/Babbles/YarnSpinner/Français/YarnPackTrigger.yarn,ZoneSombre_First,10,f97a009f,
en,line:0d287aa,Astère : You might see better with some light. ,Assets/Babbles/YarnSpinner/Français/YarnPackTrigger.yarn,ZoneSombre_First,12,669bcfce,
en,line:049c904,Bulle : <size=50%>Astère... There's nothing to see there...</size>,Assets/Babbles/YarnSpinner/Français/YarnPackTrigger.yarn,ZoneSombre_Peur,17,4d19f826,
en,line:015ef31,Bulle : <size=50%>We won't see anything...</size>,Assets/Babbles/YarnSpinner/Français/YarnPackTrigger.yarn,ZoneSombre_Peur,18,ed8219dc,
en,line:0fa0d14,"Astère : Of course, of course. It's not at all because you're scared of the dark.",Assets/Babbles/YarnSpinner/Français/YarnPackTrigger.yarn,ZoneSombre_Peur,19,52de88ee,
en,line:074175c,"Astère : So, Bulle, you're scared of the dark?",Assets/Babbles/YarnSpinner/Français/YarnPackTrigger.yarn,ZoneSombre_DemiTour,25,038c0b75,
en,line:0fb9b94,Bulle : <size=50%>No... It's just that a true adventurer would take another path...</size>,Assets/Babbles/YarnSpinner/Français/YarnPackTrigger.yarn,ZoneSombre_DemiTour,27,7ea3233a,
en,line:03ad241,"Bulle : <size=50%>Oh, I took the wrong path...</size>",Assets/Babbles/YarnSpinner/Français/YarnPackTrigger.yarn,ZoneSombre_DemiTour,30,cf9c2760,
en,line:06a526b,Astère : Oh really? How unlucky we aren't going through this Dark Area...,Assets/Babbles/YarnSpinner/Français/YarnPackTrigger.yarn,ZoneSombre_DemiTour,31,0435f161,
en,line:0d3a4b2,Bulle : What are these purple things?,Assets/Babbles/YarnSpinner/Français/YarnPackTrigger.yarn,ZonePolluée_First,37,5.03E+14,
en,line:097d440,Astère : It's the result of human consumer society's trash and irresponsability.,Assets/Babbles/YarnSpinner/Français/YarnPackTrigger.yarn,ZonePolluée_First,38,51196a78,
en,line:0e23e1d,"Astère : <size=700%>You, there!</size>",Assets/Babbles/YarnSpinner/Français/YarnPackTrigger.yarn,ZonePolluée_First,39,633e2150,
en,line:05188f6,Astère : Stop throwing your trash on us.,Assets/Babbles/YarnSpinner/Français/YarnPackTrigger.yarn,ZonePolluée_First,40,98cfc9a4,
en,line:00ba6a7,Bulle : What?,Assets/Babbles/YarnSpinner/Français/YarnPackTrigger.yarn,ZonePolluée_First,41,8f542f51,
en,line:0353f88,"Astère : Nothing. It's pollution, don't breath it, it's dangerous.",Assets/Babbles/YarnSpinner/Français/YarnPackTrigger.yarn,ZonePolluée_First,42,f248736b,
en,line:0c6d727,"Bulle : It smells like <color=""purple"">Urfe</color> here, I'm never breathing the same water than him.",Assets/Babbles/YarnSpinner/Français/YarnPackTrigger.yarn,ZonePolluée_DemiTour,48,caa74bf9,
en,line:03ed996,Bulle : Yuk! It smells fishy.,Assets/Babbles/YarnSpinner/Français/YarnPackTrigger.yarn,ZonePolluée_DemiTour,50,0cb32a34,
en,line:084e8f8,Bulle : Ugh! It smells like fish spirit.,Assets/Babbles/YarnSpinner/Français/YarnPackTrigger.yarn,ZonePolluée_DemiTour,52,ec9a324a,
en,line:004db6f,Bulle : Plastic ain't fantastic. I'm not touching these things.,Assets/Babbles/YarnSpinner/Français/YarnPackTrigger.yarn,ZonePolluée_Peur,58,e8109117,
en,line:0c6a0e1,"Astère : Bulle, did you drink too much saltwater?",Assets/Babbles/YarnSpinner/Français/YarnPackTrigger.yarn,Wall_Touched,64,d95436ea,
en,line:0ec0dd3,"Astère : Do you need a wall to lean against so much, Bulle?",Assets/Babbles/YarnSpinner/Français/YarnPackTrigger.yarn,Wall_Touched,66,cd235c73,
en,line:00a119c,"Astère : It's a good thing your bubble is sturdy, with all the walls you hit...",Assets/Babbles/YarnSpinner/Français/YarnPackTrigger.yarn,Wall_Touched,68,4bc1a2a8,
en,line:0311e48,"Astère : If you played with fins, I'd understand your lack of dexterity, but still...",Assets/Babbles/YarnSpinner/Français/YarnPackTrigger.yarn,Wall_Touched2,74,260ec3a8,
en,line:0247808,Ver : Why are you bothering me during my nap?,Assets/Babbles/YarnSpinner/Français/YarnPackTrigger.yarn,UberFish_Intro,79,66afc696,
en,line:09b1d43,"Bulle : Eeeh, I just wanted to see what was that thing.",Assets/Babbles/YarnSpinner/Français/YarnPackTrigger.yarn,UberFish_Intro,80,e4f10f4f,
en,line:01c729e,"Worm : Well ""that thing"" is Uberfish.",Assets/Babbles/YarnSpinner/Français/YarnPackTrigger.yarn,UberFish_Intro,81,268867c8,
en,line:0619aa6,"Worm : If you wanna go fast talk to me and I call you a driver, bro.",Assets/Babbles/YarnSpinner/Français/YarnPackTrigger.yarn,UberFish_Intro,82,b8a01ec7,
en,line:06f3e4a,"Worm : So, where you wanna go? I have other fishes to fry.",Assets/Babbles/YarnSpinner/Français/YarnPackTrigger.yarn,UberFish_Intro,83,234e7c69,
en,line:09ae61e,Abysses,Assets/Babbles/YarnSpinner/Français/YarnPackTrigger.yarn,UberFish_Intro,84,64ef771f,
en,line:0ad911a,Worm : Billy is coming.,Assets/Babbles/YarnSpinner/Français/YarnPackTrigger.yarn,UberFish_Intro,85,a0b8c39e,
en,line:06fe4aa,"Worm : One advice for the <color=\#48BC0D>abysses</color>: don't eat too much ra-fishes, it destroyed me so much you have idea.",Assets/Babbles/YarnSpinner/Français/YarnPackTrigger.yarn,UberFish_Intro,86,a04e025f,
en,line:0869eb8,Cave,Assets/Babbles/YarnSpinner/Français/YarnPackTrigger.yarn,UberFish_Intro,87,7a31a5c7,
en,line:078620a,"Worm : Jason is coming, that man's the best.",Assets/Babbles/YarnSpinner/Français/YarnPackTrigger.yarn,UberFish_Intro,88,1820d8ba,
en,line:05ecf4b,"Worm : In the <color=\#48BC0D>cave</color> take a GPS, my bro Camille got lost and I never saw him again. It's been 10 years. RIP.",Assets/Babbles/YarnSpinner/Français/YarnPackTrigger.yarn,UberFish_Intro,89,410d812a,
en,line:050a464,Cimetery,Assets/Babbles/YarnSpinner/Français/YarnPackTrigger.yarn,UberFish_Intro,90,35eea85f,
en,line:04f6290,Worm : Beverly is arriving soon.,Assets/Babbles/YarnSpinner/Français/YarnPackTrigger.yarn,UberFish_Intro,91,6ecbdfda,
en,line:0d80f55,"Worm : Take a puffer for the <color=\#48BC0D>cemetary</color> man, if you don't wanna get wet to the skin.",Assets/Babbles/YarnSpinner/Français/YarnPackTrigger.yarn,UberFish_Intro,92,735305a6,
en,line:066990f,Forest,Assets/Babbles/YarnSpinner/Français/YarnPackTrigger.yarn,UberFish_Intro,93,56d4e67e,
en,line:0826694,Worm : Kimberley is on her way.,Assets/Babbles/YarnSpinner/Français/YarnPackTrigger.yarn,UberFish_Intro,94,1a7c7cf8,
en,line:0341dfd,"Worm : In the <color=\#48BC0D>forest</color>, be careful with the young delinquents there. They're the kids of the sister of my uncle's father, they have no education.",Assets/Babbles/YarnSpinner/Français/YarnPackTrigger.yarn,UberFish_Intro,95,78ec1bc3,
en,line:0706594,"Worm : Thanks for using UberFish, don't forget to rate your ride!",Assets/Babbles/YarnSpinner/Français/YarnPackTrigger.yarn,Uberfish_End,100,46712e3c,
en,line:1f572cd,Bulle : 0 stars,Assets/Babbles/YarnSpinner/Français/YarnPackTrigger.yarn,Uberfish_End,101,c9389fd5,
en,line:0896b0c,Driver : I'd like to see you drive in these conditions!!!,Assets/Babbles/YarnSpinner/Français/YarnPackTrigger.yarn,Uberfish_End,102,d0a37c8c,
en,line:0cdf562,Bulle : 1 star,Assets/Babbles/YarnSpinner/Français/YarnPackTrigger.yarn,Uberfish_End,103,969ab444,
en,line:0ea1eae,"Driver : You could give me more, it's not cool.",Assets/Babbles/YarnSpinner/Français/YarnPackTrigger.yarn,Uberfish_End,104,c11696a1,
en,line:069d2e3,Bulle : 2 stars,Assets/Babbles/YarnSpinner/Français/YarnPackTrigger.yarn,Uberfish_End,105,81a8447b,
en,line:0894aa4,"Driver : Neither good nor bad, as I always was... I'm an mid person, thanks for reminding it to me...",Assets/Babbles/YarnSpinner/Français/YarnPackTrigger.yarn,Uberfish_End,106,e93d87bd,
en,line:033f8fd,Bulle : 3 stars,Assets/Babbles/YarnSpinner/Français/YarnPackTrigger.yarn,Uberfish_End,107,f3ff56e5,
en,line:005a6bc,"Driver : And 1, and 2, and 3 stars!!!! Thanks mister!",Assets/Babbles/YarnSpinner/Français/YarnPackTrigger.yarn,Uberfish_End,108,9e06daf6,
en,line:2f172cd,Bulle : 10 000 stars,Assets/Babbles/YarnSpinner/Français/YarnPackTrigger.yarn,Uberfish_End,109,6b6fd147,
en,line:0dcd109,"Driver : No, it's you who deserves 10,000 stars, you're the best client in the whole sea!",Assets/Babbles/YarnSpinner/Français/YarnPackTrigger.yarn,Uberfish_End,110,052e5de4,
en,line:0d72fb6,Bulle : It's all empty here.,Assets/Babbles/YarnSpinner/Français/YarnPackTrigger.yarn,Trigger_Cimetiere,115,444dfbba,
en,line:05bca48,"Astère : It's normal, it's a cimetary.",Assets/Babbles/YarnSpinner/Français/YarnPackTrigger.yarn,Trigger_Cimetiere,116,12f26272,
en,line:0317d58,Astère : In general deads aren't too noisy.,Assets/Babbles/YarnSpinner/Français/YarnPackTrigger.yarn,Trigger_Cimetiere,117,96b92bfc,
en,line:06c4bdb,Bulle : Deads?,Assets/Babbles/YarnSpinner/Français/YarnPackTrigger.yarn,Trigger_Cimetiere,118,c6669731,
en,line:0cb463b,Astère : You see this big skeleton?,Assets/Babbles/YarnSpinner/Français/YarnPackTrigger.yarn,Trigger_Cimetiere,119,05178d34,
en,line:0cf9c24,Astère : It used to be a whale.,Assets/Babbles/YarnSpinner/Français/YarnPackTrigger.yarn,Trigger_Cimetiere,120,61dec6e3,
en,line:0bcddf5,Astère : She wind up here at the end of her life.,Assets/Babbles/YarnSpinner/Français/YarnPackTrigger.yarn,Trigger_Cimetiere,121,9b2399ba,
en,line:08fe096,Astère : They pass on far from their families to not be a weight to them.,Assets/Babbles/YarnSpinner/Français/YarnPackTrigger.yarn,Trigger_Cimetiere,122,4bf91a90,
en,line:005253c,Bulle : It's so sad. They must be missing them.,Assets/Babbles/YarnSpinner/Français/YarnPackTrigger.yarn,Trigger_Cimetiere,124,b5ed46b7,
en,line:0addf4f,"Astère : You're far from your family too, you know.",Assets/Babbles/YarnSpinner/Français/YarnPackTrigger.yarn,Trigger_Cimetiere,126,22bdcdaf,
en,line:0b6150c,Bulle : But I'm not the same! I'll go back to see them someday!,Assets/Babbles/YarnSpinner/Français/YarnPackTrigger.yarn,Trigger_Cimetiere,127,95445da0,
en,line:0e82e5e,"Astère : Oh, really? That wasn't what you were saying when you left.",Assets/Babbles/YarnSpinner/Français/YarnPackTrigger.yarn,Trigger_Cimetiere,128,05aaf3c3,
en,line:0a6b0e7,Bulle : I didn't want them to be sad because of me.,Assets/Babbles/YarnSpinner/Français/YarnPackTrigger.yarn,Trigger_Cimetiere,129,cbc11466,
en,line:05f26f6,"Astère : Be careful not to be too sad, or you'll drown in your bubble, haha!",Assets/Babbles/YarnSpinner/Français/YarnPackTrigger.yarn,Trigger_Cimetiere,130,9eceff56,
en,line:0c68641,Bulle : Dad would tell me to be careful not to fall.,Assets/Babbles/YarnSpinner/Français/YarnPackTrigger.yarn,Trigger_Falaise,135,8881c72a,
en,line:08bb6e9,Astère : And grandma to jump.,Assets/Babbles/YarnSpinner/Français/YarnPackTrigger.yarn,Trigger_Falaise,136,992a2053,
en,line:0b43388,Bulle : And Gumpy to punch out all these shrimps that block the view!!!! ,Assets/Babbles/YarnSpinner/Français/YarnPackTrigger.yarn,Trigger_Falaise,137,c43cccda,
en,line:0f1f060,"Astère : Hahaha, they're all crazy.",Assets/Babbles/YarnSpinner/Français/YarnPackTrigger.yarn,Trigger_Falaise,138,820e1073,
en,line:074d566,Bulle : Are we crazy too?,Assets/Babbles/YarnSpinner/Français/YarnPackTrigger.yarn,Trigger_Falaise,139,9aaa8269,
en,line:0472fdc,"Astère : Of course, we went through the whole sea alone with basically no knowledge, leaving mom and dad behind!",Assets/Babbles/YarnSpinner/Français/YarnPackTrigger.yarn,Trigger_Falaise,140,9a3bbea3,
en,line:092db8c,Bulle : I hope they're not too worried...,Assets/Babbles/YarnSpinner/Français/YarnPackTrigger.yarn,Trigger_Falaise,142,e3a3da00,
en,line:07979a1,"Bulle : But it was cool, no?",Assets/Babbles/YarnSpinner/Français/YarnPackTrigger.yarn,Trigger_Falaise,144,3ed9dfbe,
en,line:0a50d98,Astère : Not too bad. Wanna continue?,Assets/Babbles/YarnSpinner/Français/YarnPackTrigger.yarn,Trigger_Falaise,145,50694467,
en,line:0b2d8f3,Bulle : I'd like to. There must be so many things left to see.,Assets/Babbles/YarnSpinner/Français/YarnPackTrigger.yarn,Trigger_Falaise,146,549a1c7a,
en,line:092b929,Astère : What's our next step then?,Assets/Babbles/YarnSpinner/Français/YarnPackTrigger.yarn,Trigger_Falaise,147,376a12ce,
en,line:0ce7401,Bulle : I think we'll go see mom and dad.,Assets/Babbles/YarnSpinner/Français/YarnPackTrigger.yarn,Trigger_Falaise,148,b2ff8280,
en,line:0fb7deb,"Astère : Is it the end of the adventure, or the start of a new one?",Assets/Babbles/YarnSpinner/Français/YarnPackTrigger.yarn,Trigger_Falaise,149,90766fad,
en,line:036e60d,"Bulle : I don't know, but as grandma would say:",Assets/Babbles/YarnSpinner/Français/YarnPackTrigger.yarn,Trigger_Falaise,150,0352e399,
en,line:0dc8233,"Bulle : <i>""Continue along your path, and you'll see for yourself!""</i>",Assets/Babbles/YarnSpinner/Français/YarnPackTrigger.yarn,Trigger_Falaise,151,59d25910,
en,line:0baa524,"Bulle : So, let's go?",Assets/Babbles/YarnSpinner/Français/YarnPackTrigger.yarn,Trigger_Falaise,152,ffa84f70,
en,line:0cb02a9,"Fantomas : Kikikikiki, you dared enter the hauuuunnted wreck!",Assets/Babbles/YarnSpinner/Français/YarnPackTrigger.yarn,Fantomas_Intro_EPAVE,160,80158a38,
en,line:0ee2382,"Bulle : Eh? I'm supposed to be scared, right now?",Assets/Babbles/YarnSpinner/Français/YarnPackTrigger.yarn,Fantomas_Intro_EPAVE,161,707af453,
en,line:09cffb0,"Fantomas : Well, yes! I'm a ghost!",Assets/Babbles/YarnSpinner/Français/YarnPackTrigger.yarn,Fantomas_Intro_EPAVE,162,13f77fbd,
en,line:0b0f136,Bulle : BOO!!!!,Assets/Babbles/YarnSpinner/Français/YarnPackTrigger.yarn,Fantomas_Intro_EPAVE,163,affc8db0,
en,line:0986011,Fantomas : AHHHHHHHHHHHH!,Assets/Babbles/YarnSpinner/Français/YarnPackTrigger.yarn,Fantomas_Intro_EPAVE,164,ae723559,
en,line:04c3d95,Fantomas : Leave me alone!,Assets/Babbles/YarnSpinner/Français/YarnPackTrigger.yarn,Trigger_Fantome2,172,25e2c2a9,
en,line:017e54c,Bulle : Sorry for scaring you...,Assets/Babbles/YarnSpinner/Français/YarnPackTrigger.yarn,Trigger_Fantome2,173,8918a7c3,
en,line:0ea528e,"Fantomas : I don't understand, you should be the one who's scared of me.",Assets/Babbles/YarnSpinner/Français/YarnPackTrigger.yarn,Trigger_Fantome2,174,0cb40b62,
en,line:0be5855,"Bulle : I'm not a baby anymore, I'm not scared of things that don't exist!!",Assets/Babbles/YarnSpinner/Français/YarnPackTrigger.yarn,Trigger_Fantome2,175,d270294d,
en,line:081e9de,Fantomas : But... I exist...,Assets/Babbles/YarnSpinner/Français/YarnPackTrigger.yarn,Trigger_Fantome2,176,24b06c71,
en,line:04c9cce,Fantomas : J'te parle plus.,Assets/Babbles/YarnSpinner/Français/YarnPackTrigger.yarn,Trigger_Fantome3,181,ceab395c,
en,line:0216006,Marin : Have you seen my son?,Assets/Babbles/YarnSpinner/Français/YarnPackTrigger.yarn,Marin_Intro_EPAVE,187,e07f2b55,
en,line:0c77d69,"Marin : When will I see you again, my marvelous son?",Assets/Babbles/YarnSpinner/Français/YarnPackTrigger.yarn,Marin_Intro_EPAVE,189,dc0733f3,
en,line:0ef5df5,Marin : Where are you Nemo? Where are you?,Assets/Babbles/YarnSpinner/Français/YarnPackTrigger.yarn,Marin_Intro_EPAVE,191,ce006140,
en,line:01d6816,Marin : NEMO??? NEMO!!!,Assets/Babbles/YarnSpinner/Français/YarnPackTrigger.yarn,Marin_Intro_EPAVE,193,5c5e14ab,
en,line:06f89dd,"Marin : Dory, have you seen Nemo ?",Assets/Babbles/YarnSpinner/Français/YarnPackTrigger.yarn,Marin_Intro_CIMETIERE,200,786c4e6b,
en,line:09dfd50,Marin : But where is the shark gang???,Assets/Babbles/YarnSpinner/Français/YarnPackTrigger.yarn,Marin_Intro_CIMETIERE,202,3f89cfb5,
en,line:021ef70,Kristine : You won't be able to go any further my dears...,Assets/Babbles/YarnSpinner/Français/YarnPackTrigger.yarn,Kristine_Intro_CIMETIERE,211,45f9be6c,
en,line:04f70ea,Bulle : Why?,Assets/Babbles/YarnSpinner/Français/YarnPackTrigger.yarn,Kristine_Intro_CIMETIERE,212,0366d6b3,
en,line:07b6127,Kristine : The abysses have been closed for water damages...,Assets/Babbles/YarnSpinner/Français/YarnPackTrigger.yarn,Kristine_Intro_CIMETIERE,213,54156586,
en,line:072af03,Kristine : All my dates are canceled...,Assets/Babbles/YarnSpinner/Français/YarnPackTrigger.yarn,Kristine_Intro_CIMETIERE,214,e0e13a8a,
en,line:099e855,Kristine : O rage! O despair! O age my ene-,Assets/Babbles/YarnSpinner/Français/YarnPackTrigger.yarn,Kristine_Dialogue,223,cc72fbf2,
en,line:0429cb4,"Kristine : Normally, I'd have flirted with the beautiful woman on your forehead.",Assets/Babbles/YarnSpinner/Français/YarnPackTrigger.yarn,Kristine_Dialogue,224,e0151f24,
en,line:0f0a879,Kristine : But I'm so sad the abysses are closed.,Assets/Babbles/YarnSpinner/Français/YarnPackTrigger.yarn,Kristine_Dialogue,225,155700cc,
en,line:0bc6e2b,Kristine : All my dates are canceled...,Assets/Babbles/YarnSpinner/Français/YarnPackTrigger.yarn,Kristine_Dialogue,226,e0e13a8a,
en,line:0e3580a,"Kristine : MARIE-CHARLOTTE, AUDREY, ANGELIQUE, I'LL BE BACK!!!!",Assets/Babbles/YarnSpinner/Français/YarnPackTrigger.yarn,Kristine_Dialogue,227,8b292f19,
en,line:0aa0261,"Kristine : I met all my dates on Fishter, it's a great site.",Assets/Babbles/YarnSpinner/Français/YarnPackTrigger.yarn,Kristine_Salute,233,449bcb67,
en,line:0e4a8cb,Kristine: If not...what is the name of the beautiful woman on your forehead?,Assets/Babbles/YarnSpinner/Français/YarnPackTrigger.yarn,Kristine_Salute,235,e0cb7825,
en,line:049be7b,Kristine: Did you know that the name Kristine means messiah?,Assets/Babbles/YarnSpinner/Français/YarnPackTrigger.yarn,Kristine_Salute,237,13a5d0c3,
en,line:0474430,Kristine: I have come to save all the poor hearts in need of love.,Assets/Babbles/YarnSpinner/Français/YarnPackTrigger.yarn,Kristine_Salute,238,8576aa99,
en,line:04123ec,Gertrude: HALT! The abysses are closed!,Assets/Babbles/YarnSpinner/Français/YarnPackTrigger.yarn,Gertrude_Intro_CIMETIERE,247,118f4c48,
en,line:07367b4,Bulle : What's happening?,Assets/Babbles/YarnSpinner/Français/YarnPackTrigger.yarn,Gertrude_Intro_CIMETIERE,248,524a95ef,
en,line:088fe8a,Gertrude : Water damages.,Assets/Babbles/YarnSpinner/Français/YarnPackTrigger.yarn,Gertrude_Intro_CIMETIERE,249,d993b4d1,
en,line:0390ecd,"Gertrude : Hop, hop, hop, move from here, it's dangerous.",Assets/Babbles/YarnSpinner/Français/YarnPackTrigger.yarn,Gertrude_Intro_CIMETIERE,250,0b498511,
en,line:00467ad,"Gertrude: Little child, you really shouldn't hang around here, it's dangerous.",Assets/Babbles/YarnSpinner/Français/YarnPackTrigger.yarn,Gertrude_Dialogue,259,1baccd6c,
en,line:043ba93,Bulle : I'm not scared!,Assets/Babbles/YarnSpinner/Français/YarnPackTrigger.yarn,Gertrude_Dialogue,260,17fe60db,
en,line:0db1fdc,Gertrude: Aren't you afraid of the dark?,Assets/Babbles/YarnSpinner/Français/YarnPackTrigger.yarn,Gertrude_Dialogue,261,b25380c1,
en,line:083aa06,Bulle : No.,Assets/Babbles/YarnSpinner/Français/YarnPackTrigger.yarn,Gertrude_Dialogue,262,668ce7a4,
en,line:0d44d20,Gertrude : Aren't you afraid of skeletons?,Assets/Babbles/YarnSpinner/Français/YarnPackTrigger.yarn,Gertrude_Dialogue,263,cf5f1af6,
en,line:060b9bd,Bulle : Of course not.,Assets/Babbles/YarnSpinner/Français/YarnPackTrigger.yarn,Gertrude_Dialogue,264,e8f90a92,
en,line:0ffee52,"Gertrude : You're impressing me, shorty...",Assets/Babbles/YarnSpinner/Français/YarnPackTrigger.yarn,Gertrude_Dialogue,265,821a43d1,
en,line:01779ce,"Gertrude : It's not easy everyday to be the leader, you know...",Assets/Babbles/YarnSpinner/Français/YarnPackTrigger.yarn,Gertrude_Salute,271,dc871e75,
en,line:03c5f54,Astère : <i>Tell me about it...</i>,Assets/Babbles/YarnSpinner/Français/YarnPackTrigger.yarn,Gertrude_Salute,272,fb58078f,
en,line:07ce48a,"Gertrude: Between us, the abysses aren't really closed for water damage...",Assets/Babbles/YarnSpinner/Français/YarnPackTrigger.yarn,Gertrude_Salute,274,e0cd7443,
en,line:0476481,Bulle : Really?,Assets/Babbles/YarnSpinner/Français/YarnPackTrigger.yarn,Gertrude_Salute,275,bc3753fc,
en,line:0750796,Astère : <i> Shhhhh!!!! </i>,Assets/Babbles/YarnSpinner/Français/YarnPackTrigger.yarn,Gertrude_Salute,276,37f9b628,
en,line:045be05,Ursule: Do you understand why we can't move forward?,Assets/Babbles/YarnSpinner/Français/YarnPackTrigger.yarn,Ursule_Intro_CIMETIERE,285,82c8fa8a,
en,line:005efa1,"Bulle : Uh, no...",Assets/Babbles/YarnSpinner/Français/YarnPackTrigger.yarn,Ursule_Intro_CIMETIERE,286,3f86d38c,
en,line:018cf0f,Ursule : Kristine and Gertrude talk of walter damage...,Assets/Babbles/YarnSpinner/Français/YarnPackTrigger.yarn,Ursule_Intro_CIMETIERE,287,ca739826,
en,line:03f7449,Ursule : Do you think it's the name of this big skeleton?,Assets/Babbles/YarnSpinner/Français/YarnPackTrigger.yarn,Ursule_Intro_CIMETIERE,288,0826a2b5,
en,line:008d297,Ursule : Walter damages...,Assets/Babbles/YarnSpinner/Français/YarnPackTrigger.yarn,Ursule_Dialogue,297,e0870c9a,
en,line:012f315,Ursule : I don't understand how it's possible,Assets/Babbles/YarnSpinner/Français/YarnPackTrigger.yarn,Ursule_Dialogue,298,c7870600,
en,line:09c9ce9,Bulle : Isn't it water damages?,Assets/Babbles/YarnSpinner/Français/YarnPackTrigger.yarn,Ursule_Dialogue,299,6ec44ef8,
en,line:08eb075,"Ursula: But water is nice, we live in it.",Assets/Babbles/YarnSpinner/Français/YarnPackTrigger.yarn,Ursule_Dialogue,300,8913b1e6,
en,line:0be6f44,"Astère: <i>Bulle my IQ is in free fall, can we leave?</i>",Assets/Babbles/YarnSpinner/Français/YarnPackTrigger.yarn,Ursule_Dialogue,301,3ca3974f,
en,line:0311a53,Ursule: Have you spoken with Kristine and Gertrude?,Assets/Babbles/YarnSpinner/Français/YarnPackTrigger.yarn,Ursule_Salute,307,7949d7bf,
en,line:0ab86cd,Ursule : They are really nice.,Assets/Babbles/YarnSpinner/Français/YarnPackTrigger.yarn,Ursule_Salute,308,eae4cf5b,
en,line:0ac5736,"Ursule : When I eat tuna, I tunaround!!",Assets/Babbles/YarnSpinner/Français/YarnPackTrigger.yarn,Ursule_Salute,310,d2b9f4da,
en,line:0f4830b,Bulle : You eat fish???,Assets/Babbles/YarnSpinner/Français/YarnPackTrigger.yarn,Ursule_Salute,311,7c2b3aad,
en,line:0b50806,Ursule : Have you ever eaten humans?,Assets/Babbles/YarnSpinner/Français/YarnPackTrigger.yarn,Ursule_Salute,313,f3fc068c,
en,line:0a23b33,"Ursule : As soon as I eat some, it's a carnival.",Assets/Babbles/YarnSpinner/Français/YarnPackTrigger.yarn,Ursule_Salute,314,fae1a465,
en,line:0333c81,Astère: Well done! Well done! Super original music...,Assets/Babbles/YarnSpinner/Français/YarnPackTrigger.yarn,Trigger_Coffre,320,5d3256f6,
en,line:0a09413,"Astère: Well then, Bulle, aren't you going to say hello to grandma?",Assets/Babbles/YarnSpinner/Français/YarnPackTrigger.yarn,Trigger_Marline,325,5c57df37,
en,line:0771425,"Frank: !?! DON'T BLOODY JUMP ON ME YOU CRAZY <color=""green"">unpleasant person</color>! DAMN IT!",Assets/Babbles/YarnSpinner/Français/YarnPackTrigger.yarn,Trigger_Meduse_1,331,b19dbb82,
en,line:040c5f1,Frank: OH! YOU DEAF?!?,Assets/Babbles/YarnSpinner/Français/YarnPackTrigger.yarn,Trigger_Meduse_2,338,bc37c2d8,
en,line:0d9351a,Frank: ON MY MOTHER'S LIFE! ON MY MOTHER'S LIFE I'M GONNA GANK YOU!,Assets/Babbles/YarnSpinner/Français/YarnPackTrigger.yarn,Trigger_Meduse_3,345,5e74fd1f,
en,line:098617c,Frank: OH! THAT'S ENOUGH! YOU PISSED ME OFF!,Assets/Babbles/YarnSpinner/Français/YarnPackTrigger.yarn,Trigger_Meduse_4,352,c5f83c17,
en,line:011d29f,"Astère : Bulle, it's time to dip your toes in the water! This is your trial, for now is the tutorial!",Assets/Babbles/YarnSpinner/Français/YarnPackTuto.yarn,Tuto_Intro,4,922f69b6,
en,line:0e879a1,Bulle : Yeeees!!,Assets/Babbles/YarnSpinner/Français/YarnPackTuto.yarn,Tuto_Intro,5,31526984,
en,line:05bf3e9,"Astère: Tutorial deactivated! Are you sure, Bulle?",Assets/Babbles/YarnSpinner/Français/YarnPackTuto.yarn,Tuto_Intro,6,21f992cd,
en,line:0926d41,"Astère : Just kidding, I'm going to help you. There's just nothing much to do on your forehead, just saying.",Assets/Babbles/YarnSpinner/Français/YarnPackTuto.yarn,Tuto_Intro,7,d6f64d57,
en,line:0c3b668,"Astère : Bulle, in this world, there are many things to know. You jump with RT and pick resources up with X.",Assets/Babbles/YarnSpinner/Français/YarnPackTuto.yarn,Tuto_Intro,8,a20924eb,
en,line:051c6d1,Bulle : And what is the rest?,Assets/Babbles/YarnSpinner/Français/YarnPackTuto.yarn,Tuto_Intro,9,5cc94e2c,
en,line:0d67b73,"Astère : Easy little genius, that's what tutorials are for.",Assets/Babbles/YarnSpinner/Français/YarnPackTuto.yarn,Tuto_Intro,10,e3924462,
en,line:03e6751,Bulle : No.,Assets/Babbles/YarnSpinner/Français/YarnPackTuto.yarn,Tuto_Intro,11,668ce7a4,
en,line:01a52dd,Astère : Oh you there behind your screen! Do you really want to skip the tutorial?,Assets/Babbles/YarnSpinner/Français/YarnPackTuto.yarn,Tuto_Intro,12,1d615275,
en,line:0ad1bce,Astère : Don't complain when you don't know how to craft!,Assets/Babbles/YarnSpinner/Français/YarnPackTuto.yarn,Tuto_Intro,13,2adc8a3e,
en,line:08f3327,"Yes, skip the tutorial.",Assets/Babbles/YarnSpinner/Français/YarnPackTuto.yarn,Tuto_Intro,14,df97fc09,
en,line:093c66e,"No, don't skip the tutorial.",Assets/Babbles/YarnSpinner/Français/YarnPackTuto.yarn,Tuto_Intro,16,d241c69d,
en,line:0bf81fa,"Astère : Oh, thank you, there is a purpose to my presence!",Assets/Babbles/YarnSpinner/Français/YarnPackTuto.yarn,Tuto_Intro,17,6b1f2d71,
en,line:08e6e9c,"Astère : Bulle, in this world, there are many things to know. You jump with RT and pick resources up with X.",Assets/Babbles/YarnSpinner/Français/YarnPackTuto.yarn,Tuto_Intro,18,a20924eb,
en,line:0eaf647,Bulle : And what is the rest?,Assets/Babbles/YarnSpinner/Français/YarnPackTuto.yarn,Tuto_Intro,19,7a3d278d,
en,line:0d9ad83,"Astère : Easy little genius, that's what tutorials are for.",Assets/Babbles/YarnSpinner/Français/YarnPackTuto.yarn,Tuto_Intro,20,e3924462,
en,line:0d2ea18,"Astère : This big orange thing is a Pillow Octopus, it's like a giant trampoline, you can jump on it by pressing RT!",Assets/Babbles/YarnSpinner/Français/YarnPackTuto.yarn,Tuto_PoupleCoussin,25,269ff969,
en,line:0d34d5a,Bulle : You know a lot for someone who spent their whole life on my front...,Assets/Babbles/YarnSpinner/Français/YarnPackTuto.yarn,Tuto_PoupleCoussin,26,1047e5f6,
en,line:0c9b4ad,"Astère : Oh noooo, this platform is too far to reach...",Assets/Babbles/YarnSpinner/Français/YarnPackTuto.yarn,Tuto_Planage,31,672f8ccd,
en,line:02a4416,Astère : Oh! Turns out we can glide by holding down RT!,Assets/Babbles/YarnSpinner/Français/YarnPackTuto.yarn,Tuto_Planage,32,99a53fe9,
en,line:0975a43,Astère : Five little monkeys jumping on the bed...,Assets/Babbles/YarnSpinner/Français/YarnPackTuto.yarn,Tuto_Fruit,37,5f64eca3,
en,line:08f26fb,Astère : One fell down and bumped his head...,Assets/Babbles/YarnSpinner/Français/YarnPackTuto.yarn,Tuto_Fruit,38,50c31c11,
en,line:01f4519,Astère : Mama called the doctor and the doctor said...,Assets/Babbles/YarnSpinner/Français/YarnPackTuto.yarn,Tuto_Fruit,39,dcc94fbb,
en,line:0be7e89,Astère : Oh not five monkeys but three bananas! jump up and press X to grab them!,Assets/Babbles/YarnSpinner/Français/YarnPackTuto.yarn,Tuto_Fruit,40,81170b12,
en,line:0bf2396,"Astère : Bulle, if you can't even glide, you can go straight back to mommy and daddy.",Assets/Babbles/YarnSpinner/Français/YarnPackTuto.yarn,Tuto_Planage_Fail,45,ec341915,
en,line:0be76e0,Astère : You could say you're up against the wall here.,Assets/Babbles/YarnSpinner/Français/YarnPackTuto.yarn,Tuto_Banane,50,74b29b0a,
en,line:049f57c,Astère : What if you made a Pillow Octopus to jump like before? Do you remember how to open your waist bag?,Assets/Babbles/YarnSpinner/Français/YarnPackTuto.yarn,Tuto_Banane,51,07ee3845,
en,line:07ea465,Astère : Surprise test ! To craft a Pillow Octopus you need: an octopus and a...,Assets/Babbles/YarnSpinner/Français/YarnPackTuto.yarn,Tuto_Craft_Intro,57,13cb0d85,
en,line:0d992b1,Bulle : Pillow?,Assets/Babbles/YarnSpinner/Français/YarnPackTuto.yarn,Tuto_Craft_Intro,58,82f70b33,
en,line:0fcd23a,"Astère : Eh no, a fruit. You're not very smart, Bulle...",Assets/Babbles/YarnSpinner/Français/YarnPackTuto.yarn,Tuto_Craft_Intro,59,646f0026,
en,line:0d41e38,Astère : Select an octopus and put it in the shaker. It's the purple thing on the right.,Assets/Babbles/YarnSpinner/Français/YarnPackTuto.yarn,Tuto_Craft_Intro,60,18385267,
en,line:085f7e8,"Astère : Congratulations Bulle, you have earned the right to do the same thing with a fruit.",Assets/Babbles/YarnSpinner/Français/YarnPackTuto.yarn,Tuto_Craft_FirstItem_Poulpe2,67,602eeacd,
en,line:0b35e62,"Astère : It's not an octo... Uh congratulations Bulle, you earned the right to do the same thing with an octopus, this time...",Assets/Babbles/YarnSpinner/Français/YarnPackTuto.yarn,Tuto_Craft_FirstItem_Fruit,74,8e86b01a,
en,line:04a8017,"Astère : Perfect, now turn the right joystick with all of your strength!",Assets/Babbles/YarnSpinner/Français/YarnPackTuto.yarn,Tuto_Craft_Item_Good,81,ae2ac515,
en,line:09c0caf,Bulle : What does joystick mean?,Assets/Babbles/YarnSpinner/Français/YarnPackTuto.yarn,Tuto_Craft_Item_Good,82,e618fe67,
en,line:0cd9b6b,Astère : It means shaker in octopus language.,Assets/Babbles/YarnSpinner/Français/YarnPackTuto.yarn,Tuto_Craft_Item_Good,83,d8a1af4c,
en,line:0ccb1d0,Bulle : Really?,Assets/Babbles/YarnSpinner/Français/YarnPackTuto.yarn,Tuto_Craft_Item_Good,84,7b68bb9d,
en,line:076e5bb,Astère : Don't ask questions.,Assets/Babbles/YarnSpinner/Français/YarnPackTuto.yarn,Tuto_Craft_Item_Good,85,6b441fac,
en,line:08c3a74,"Astère : Bulle, don't you know how to recognize resources?",Assets/Babbles/YarnSpinner/Français/YarnPackTuto.yarn,Tuto_Craft_Item_Bad,92,8ef7f70c,
en,line:01443a6,Astère : You need an octopus and a fruit! You can undo your mistake by pressing and holding B.,Assets/Babbles/YarnSpinner/Français/YarnPackTuto.yarn,Tuto_Craft_Item_Bad,93,4f4634ab,
en,line:09b708e,"Astère : I hope you remembered the recipe, because trust me, you're going to need it.",Assets/Babbles/YarnSpinner/Français/YarnPackTuto.yarn,Tuto_Craft_Fin,100,63210a38,
en,line:074bf70,Astère : Move over to this pillow octopus and select it by pressing A!,Assets/Babbles/YarnSpinner/Français/YarnPackTuto.yarn,Tuto_Craft_Fin,101,db009f81,
en,line:019e895,"Astère : Perfect! Now you can select ""Use"" with A to... uh... use!",Assets/Babbles/YarnSpinner/Français/YarnPackTuto.yarn,Tuto_UseObject,108,d993eb22,
en,line:04d4f97,"Astère : You can walk around with it, but if you want to put it down press A or X.",Assets/Babbles/YarnSpinner/Français/YarnPackTuto.yarn,Tuto_Poser_Meduse,115,3cc15b43,
en,line:099e0ab,Astère : Jump! To infinity and beyoooond!!!,Assets/Babbles/YarnSpinner/Français/YarnPackTuto.yarn,Tuto_Meduse_Active,121,ef107da6,
en,line:044d492,Astère : Another obstacle... It's almost like they are doing it on purpose!,Assets/Babbles/YarnSpinner/Français/YarnPackTuto.yarn,Tuto_FleurBrulante,126,c8a4e662,
en,line:0e5a23f,Astère : Open your waist bag and look for Burning Flowers. We're going to go right through!,Assets/Babbles/YarnSpinner/Français/YarnPackTuto.yarn,Tuto_FleurBrulante,127,85514b05,
en,line:0d35992,"Astère : And now, press place it near the wall to set it on FIRE!",Assets/Babbles/YarnSpinner/Français/YarnPackTuto.yarn,Tuto_FleurBrulante_Active,133,824ebca1,
en,line:0a68f88,Astère : We are as free as water! The only thing left to do is to enter this geyser!,Assets/Babbles/YarnSpinner/Français/YarnPackTuto.yarn,Tuto_Geyser,139,d33851be,
en,line:0ec53d7,"Astère : Bye-bye, then, I'm going to take a nap.",Assets/Babbles/YarnSpinner/Français/YarnPackTuto.yarn,Tuto_Geyser,140,e10f692c,
en,line:0946a01,Astère : Ah! We're finally done with this endless tutorial!,Assets/Babbles/YarnSpinner/Français/YarnPackTuto.yarn,Tuto_Final,145,7c29ed26,
en,line:01a534a,"Bulle : Now, let's go to the city!",Assets/Babbles/YarnSpinner/Français/YarnPackTuto.yarn,Tuto_Final,146,7e4527ee,
en,line:03c1e99,"Astère : According to Water Maps, you need to go through a ship wreck and a cimetery to get there.",Assets/Babbles/YarnSpinner/Français/YarnPackTuto.yarn,Tuto_Final,147,4ae541cb,
en,line:04da250,"Astère : You're really a party wetter, Bulle... You do know there is no fall damage?",Assets/Babbles/YarnSpinner/Français/YarnPackTuto.yarn,Tuto_FinalNul,153,df8d5ba6,
en,line:0eeb72d,Astère : No luck! You need a recipie to craft this!,Assets/Babbles/YarnSpinner/Français/YarnPackTuto.yarn,Tuto_CraftLock,160,862b50da,
en,line:07b72d5,"Astère : Sir Alchemist, I beg of you! Calm down! You didn't discover this object's recipe yet.",Assets/Babbles/YarnSpinner/Français/YarnPackTuto.yarn,Tuto_CraftLock,162,abe77976,
en,line:05b3535,"Astère : If you had the recipe, it would make for a great item!",Assets/Babbles/YarnSpinner/Français/YarnPackTuto.yarn,Tuto_CraftLock,164,6ff5e0b3,
en,line:05d8901,Bulle : What's this thing?,Assets/Babbles/YarnSpinner/Français/YarnPackTuto.yarn,Tuto_CourantMarin_OLD,173,a92d6e04,
en,line:0c5b829,"Astère : It's a Marine Current, the thing the gang was talking about earlier.",Assets/Babbles/YarnSpinner/Français/YarnPackTuto.yarn,Tuto_CourantMarin_OLD,174,6c0e4eb5,
en,line:0a943f8,"Astère : To take it, you just have to get inside and let yourself be carried along.",Assets/Babbles/YarnSpinner/Français/YarnPackTuto.yarn,Tuto_CourantMarin_OLD,175,f39bbaf4,
en,line:0476695,Bulle : What's this thing?,Assets/Babbles/YarnSpinner/Français/YarnPackTuto.yarn,Tuto_CourantMarin_OLD,177,a92d6e04,
en,line:09d9a05,Astère : It's a Marine Current.,Assets/Babbles/YarnSpinner/Français/YarnPackTuto.yarn,Tuto_CourantMarin_OLD,178,ca589ad8,
en,line:0a412c0,"Astère : To take it, you just have to get inside and let yourself be carried along.",Assets/Babbles/YarnSpinner/Français/YarnPackTuto.yarn,Tuto_CourantMarin_OLD,179,f39bbaf4,
en,line:0cbd9bc,"Astère : Be careful, you're entering a Polluted Area, Bulle.",Assets/Babbles/YarnSpinner/Français/YarnPackTuto.yarn,Tuto_ZonePollution,187,65cf050f,
en,line:00a4a31,"Astère : If you stay too long, you're going to get Rage in your Raging bar!",Assets/Babbles/YarnSpinner/Français/YarnPackTuto.yarn,Tuto_ZonePollution,188,71fa5745,
en,line:03e7198,"Astère : Well Bulle, you're a Rager now...",Assets/Babbles/YarnSpinner/Français/YarnPackTuto.yarn,Tuto_Seum,195,655fca94,
en,line:02e30d6,"Astère : But don't worry, it's not an incurable disease.",Assets/Babbles/YarnSpinner/Français/YarnPackTuto.yarn,Tuto_Seum,196,ae0d96d5,
en,line:0d6cacb,Astère : You can lower your Rage by either eating or sleeping in a Camp!,Assets/Babbles/YarnSpinner/Français/YarnPackTuto.yarn,Tuto_Seum,197,01ccde73,
en,line:0fa4e14,"Astère : Bulle, it's better if you don't talk with people when you're Raging...",Assets/Babbles/YarnSpinner/Français/YarnPackTuto.yarn,Tuto_SeumPNJ,204,d9cd8275,
en,line:07a9f88,Astère : Don't forget you can lower your Rage by eating or sleeping in a camp!,Assets/Babbles/YarnSpinner/Français/YarnPackTuto.yarn,Tuto_SeumPNJ,205,1f7aa8a2,
en,line:10a9f88,Astère : The best thing in the ocean! A marine current!,Assets/Babbles/YarnSpinner/Français/YarnPackTuto.yarn,Tuto_CourantMarin,211,4a23ddce,
en,line:11a9f88,Bulle : How do I go there?,Assets/Babbles/YarnSpinner/Français/YarnPackTuto.yarn,Tuto_CourantMarin,212,c16e04c6,
en,line:12a9f88,Astère : It's simple...,Assets/Babbles/YarnSpinner/Français/YarnPackTuto.yarn,Tuto_CourantMarin,213,9160599f,
en,line:13a9f88,"Astère : So you presson A while walking, after 3 seconds you press 6 times on ZL at regular intervals, exactly 1.7 seconds later you juste have to do a backflip towards the north-east entrance of the marine current while turning your left joystick counterclockwise!",Assets/Babbles/YarnSpinner/Français/YarnPackTuto.yarn,Tuto_CourantMarin,215,778c28a9,
en,line:14a9f88,"Astère : No I'm joking, you just need to jump in it.",Assets/Babbles/YarnSpinner/Français/YarnPackTuto.yarn,Tuto_CourantMarin,218,93f49461,
en,line:15a9f88,"Astère : When you'll be done playing around, you'll be  able to leave by pressing RT.",Assets/Babbles/YarnSpinner/Français/YarnPackTuto.yarn,Tuto_CourantMarinSortie,224,60017946,
en,line:16a9f88,"Astère : Ah, one more thing!",Assets/Babbles/YarnSpinner/Français/YarnPackTuto.yarn,Tuto_Blague,229,793b207c,
en,line:17a9f88,Bulle : What is it…,Assets/Babbles/YarnSpinner/Français/YarnPackTuto.yarn,Tuto_Blague,230,5a9161d1,
en,line:18a9f88,Astère : Nothing ahahah.,Assets/Babbles/YarnSpinner/Français/YarnPackTuto.yarn,Tuto_Blague,234,80547078,
en,line:0b7a062,Astère : So your waist bag is where you put all the junk you pick up. And every item is magically sorted in the small pockets.,Assets/Babbles/YarnSpinner/Français/YarnPackTuto.yarn,Tuto_Inventory,240,b64fe53e,
en,line:05ea2f1,Astère : Use your joystick to reach for the burning flower and select it with A.,Assets/Babbles/YarnSpinner/Français/YarnPackTuto.yarn,Tuto_Inventory,241,3e354011,
en,line:0cc92be,"Astère : And then, you put your joystick up then press A again to get the item out of your waist bag.",Assets/Babbles/YarnSpinner/Français/YarnPackTuto.yarn,Tuto_Fleur_Selected,246,29e94385,
en,line:0e5486a,"Astère : Bulle, I know you've never seen the outside world, but still, do you really think this looks like a flower????",Assets/Babbles/YarnSpinner/Français/YarnPackTuto.yarn,Tuto_Fleur_NotSelected,255,6d8c77c2,
en,line:1e5486a,"Astère : Come on Bulle, courage, you will succeed in selecting this flower... someday.",Assets/Babbles/YarnSpinner/Français/YarnPackTuto.yarn,Tuto_Inventory_Short,261,6d8c77c3,
en,line:2e5486a,"Astère : Octopus + Banana = Pillow Octopus, it's like the multiplication tables, it's by heart Bulle!!!!",Assets/Babbles/YarnSpinner/Français/YarnPackTuto.yarn,Tuto_Craft_Intro_Short,266,6d8c77c4,
en,line:3e5486a,"Astère : Hey easy Bulle, I teach you that a little later.",Assets/Babbles/YarnSpinner/Français/YarnPackTuto.yarn,Tuto_ShakerUsedTooSoon,271,6d8c77c5,